sku,fnsku,asin,product-name,reserved_qty,reserved_customerorders,reserved_fc-transfers,reserved_fc-processing,program
122502275-White-4XL,X004HEW6I5,B0DP6PC2M5,Casei Womens Plus Size Golf Polo Shirts Short Sleeve Tunic Tops V Neck Collared Casual Workout Work Polo White 4XL,5,0,3,2,
122502276-Black04,X004HSXSUB,B0DPWYC7X7,"Women's Stretch Cargo Pants High Waist Bootcut Flare Leggings with 6 Pockets Soft Yoga Work Pants for Business Casual, Travel, Athletic Black(M)",68,3,60,5,
122502275-Black-4XL,X004HEXU6R,B0DP6P8F8P,Casei Womens Plus Size Golf Polo Shirts Short Sleeve Tunic Tops V Neck Collared Casual Workout Work Polo Black 4XL,2,0,2,0,
122502265-Khaki-XXL,X004H3A9GR,B0DNQJSRQL,"Casei Womens Cargo Pants, Wide Leg Yoga Pants High Waist Stretch Casual Pants with Pockets Business Travel Work Khaki XXL",1,0,0,1,
122502269-Sage Green-M,X004H7B2LT,B0DNYLLPBJ,"Casei Women's Cargo Capris Quick Dry Lightweight Water Resistant Convertible 6 Pockets Hiking Travel Casual Work Pants, Sage Green,M",1,0,1,0,
122502275-Burgundy-XL,X004L3D0HX,B0DYCHPVMM,Casei Womens Plus Size Golf Polo Shirts Short Sleeve Tunic Tops V Neck Collared Casual Workout Work Polo Burgundy XL,4,1,3,0,
122502273-Black-M,X004H7D06J,B0DNYKWX7M,"Casei Wide Leg Yoga Pants for Women High Waist Adjustable Hem Loose Dance Casual Pant with Pockets,Black M",2,0,2,0,
122502269-Black-XXL,X004H7ED79,B0DNYKKLSQ,"Casei Women's Cargo Capris Quick Dry Lightweight Water Resistant Roll Up Hiking Pants with 6 Pockets Travel Casual Outdoor,Black,2XL",1,0,1,0,
122502269-Khaki-M,X004H7EDOR,B0DNYKGBLS,"Casei Women's Cargo Capris Pants Lightweight Quick Dry Water Resistant Stretch with 6 Pockets Roll Up Travel Casual Hiking,Khaki,M",2,0,2,0,
122502273-Lilac Pink-S,X004H7B6HT,B0DNYL19DW,"Casei Wide Leg Yoga Pants for Women High Waist Adjustable Hem Loose Dance Casual Pant with Pockets,Lilac Pink S",1,0,1,0,
122502275-Black-5XL,X004HEXTIL,B0DP6RPTM8,Casei Womens Plus Size Golf Polo Shirts Short Sleeve Tunic Tops V Neck Collared Casual Workout Work Polo Black 5XL,1,0,1,0,
122502275-White Pink Flowers-3XL,X004MRA7XN,B0F3D2JRLF,Casei Womens Plus Size Golf Polo Shirts Short Sleeve Tunic Tops V Neck Collared Casual Workout Work Polo White Pink Flowers 3XL,2,0,2,0,
122502276-Black05,X004HSWAPZ,B0DPWYGHQQ,"Women's Stretch Cargo Pants High Waist Bootcut Flare Leggings with 6 Pockets Soft Yoga Work Pants for Business Casual, Travel, Athletic Black(L)",123,5,112,6,
122502276-Dark Gray06,X004HSW9A1,B0DPWYW8VP,"Women's Stretch Cargo Pants High Waist Bootcut Flare Leggings with 6 Pockets Soft Yoga Work Pants for Business Casual, Travel, Athletic Dark Gray(XL)",44,1,43,0,
122502276-Army Green-M,X004NWG7W7,B0F6C96JZY,"Women's Stretch Cargo Pants High Waist Bootcut Flare Leggings with 6 Pockets Soft Yoga Work Pants for Business Casual, Travel, Athletic Army Green(M)",1,1,0,0,
122502275-Burgundy-XXL,X004L3I7S5,B0DYCX9547,Casei Womens Plus Size Golf Polo Shirts Short Sleeve Tunic Tops V Neck Collared Casual Workout Work Polo Burgundy 2XL,4,0,2,2,
122502276-Army Green-L,X004NWDVY9,B0F6CJY4XG,"Women's Stretch Cargo Pants High Waist Bootcut Flare Leggings with 6 Pockets Soft Yoga Work Pants for Business Casual, Travel, Athletic Army Green(L)",3,1,2,0,
122502275-Black-XXL,X004HEWUHR,B0DP6PS8MX,Casei Womens Plus Size Golf Polo Shirts Short Sleeve Tunic Tops V Neck Collared Casual Workout Work Polo Black 2XL,1,0,1,0,
122502276-Black03,X004HSU9QR,B0DPWZBJB1,"Women's Stretch Cargo Pants High Waist Bootcut Flare Leggings with 6 Pockets Soft Yoga Work Pants for Business Casual, Travel, Athletic Black(S)",14,5,7,2,
122502275-Dark Gray-4XL,X004L5SJYZ,B0DYJFHC2B,Casei Womens Plus Size Golf Polo Shirts Short Sleeve Tunic Tops V Neck Collared Casual Workout Work Polo Dark Gray 4XL,2,0,2,0,
122502275-Burgundy-4XL,X004L2YJPB,B0DYCQ28ZW,Casei Womens Plus Size Golf Polo Shirts Short Sleeve Tunic Tops V Neck Collared Casual Workout Work Polo Burgundy 4XL,1,0,0,1,
122502275-White-3XL,X004HEPV8H,B0DP6QPNW4,Casei Womens Plus Size Golf Polo Shirts Short Sleeve Tunic Tops V Neck Collared Casual Workout Work Polo White 3XL,5,1,3,1,
122502273-Black-XL,X004H7DOYH,B0DNYL1B9Q,"Casei Wide Leg Yoga Pants for Women High Waist Adjustable Hem Loose Dance Casual Pant with Pockets,Black XL",1,0,1,0,
122502275-Pink-4XL,X004L3CVEL,B0DYCVJ5GT,Casei Womens Plus Size Golf Polo Shirts Short Sleeve Tunic Tops V Neck Collared Casual Workout Work Polo Pink 4XL,3,0,3,0,
122502269-Black-L,X004H7B2IR,B0DNYMHWH2,"Casei Women's Cargo Capris Quick Dry Lightweight Water Resistant Roll Up Hiking Pants with 6 Pockets Travel Casual Outdoor,Black,L",6,1,5,0,
122502273-Black-S,X004H7HIQR,B0DNYJM5BM,"Casei Wide Leg Yoga Pants for Women High Waist Adjustable Hem Loose Dance Casual Pant with Pockets,Black S",1,0,0,1,
122502275-White-XXL,X004HEW4TV,B0DP6Q7C7N,Casei Womens Plus Size Golf Polo Shirts Short Sleeve Tunic Tops V Neck Collared Casual Workout Work Polo White 2XL,6,1,2,3,
122502269-Khaki-XL,X004H7B7TB,B0DNYLWWXP,"Casei Women's Cargo Capris Pants Lightweight Quick Dry Water Resistant Stretch with 6 Pockets Roll Up Travel Casual Hiking,Khaki,XL",1,0,1,0,
122502275-White Blue Flowers-3XL,X004MRPBB1,B0F3D3P49T,Casei Womens Plus Size Golf Polo Shirts Short Sleeve Tunic Tops V Neck Collared Casual Workout Work Polo White Blue Flowers 3XL,2,0,2,0,
122502275-White Pink Flowers-XXL,X004MRQZZR,B0F3D33Q1N,Casei Womens Plus Size Golf Polo Shirts Short Sleeve Tunic Tops V Neck Collared Casual Workout Work Polo White Pink Flowers 2XL,1,0,1,0,
122502275-White-XL,X004HEPRTZ,B0DP6PB4Q5,Casei Womens Plus Size Golf Polo Shirts Short Sleeve Tunic Tops V Neck Collared Casual Workout Work Polo White XL,6,1,4,1,
122502275-Dark Gray-XXL,X004L5IFKX,B0DYJBCT4C,Casei Womens Plus Size Golf Polo Shirts Short Sleeve Tunic Tops V Neck Collared Casual Workout Work Polo Dark Gray 2XL,4,3,0,1,
122502265-Black-XXL,X004H37RE9,B0DNQJSPMK,"Casei Womens Cargo Pants, Wide Leg Yoga Pants High Waist Stretch Casual Pants with Pockets Business Travel Work Black XXL",7,0,7,0,
122502265-Black-S,X004H3BPY7,B0DNQK65LZ,"Casei Womens Cargo Pants, Wide Leg Yoga Pants High Waist Stretch Casual Pants with Pockets Business Travel Work Black S",1,1,0,0,
122502275-Royal Blue-XXL,X004HEX085,B0DP6PQW2Y,Casei Womens Plus Size Golf Polo Shirts Short Sleeve Tunic Tops V Neck Collared Casual Workout Work Polo Royal Blue 2XL,1,0,1,0,
122502265-Khaki-M,X004H3AIR7,B0DNQJQXMX,"Casei Womens Cargo Pants, Wide Leg Yoga Pants High Waist Stretch Casual Pants with Pockets Business Travel Work Khaki M",1,0,1,0,
122502269-Black-XL,X004H7HFU1,B0DNYL7GBD,"Casei Women's Cargo Capris Quick Dry Lightweight Water Resistant Roll Up Hiking Pants with 6 Pockets Travel Casual Outdoor,Black,XL",2,1,1,0,
122502275-Royal Blue-5XL,X004HEVXA7,B0DP6Q5916,Casei Womens Plus Size Golf Polo Shirts Short Sleeve Tunic Tops V Neck Collared Casual Workout Work Polo Royal Blue 5XL,1,0,0,1,
122502269-Dark Gray-L,X004H7B0RZ,B0DNYL9F2N,"Casei Women's Cargo Pants Lightweight Quick Dry Water Resistant Convertible Hiking Capris with 6 Pockets Travel Casual Outdoor,Dark Gray,L",2,1,1,0,
122502276-Black06,X004HSZ5JD,B0DPWXHYVD,"Women's Stretch Cargo Pants High Waist Bootcut Flare Leggings with 6 Pockets Soft Yoga Work Pants for Business Casual, Travel, Athletic Black(XL)",87,1,85,1,
122502275-Black-XL,X004HEWUHH,B0DP6QYS65,Casei Womens Plus Size Golf Polo Shirts Short Sleeve Tunic Tops V Neck Collared Casual Workout Work Polo Black XL,4,0,3,1,
122502275-White-5XL,X004HEW46T,B0DP6NSHG6,Casei Womens Plus Size Golf Polo Shirts Short Sleeve Tunic Tops V Neck Collared Casual Workout Work Polo White 5XL,2,0,2,0,
122502275-Royal Blue-3XL,X004HEXU53,B0DP6PQHFG,Casei Womens Plus Size Golf Polo Shirts Short Sleeve Tunic Tops V Neck Collared Casual Workout Work Polo Royal Blue 3XL,2,0,0,2,
122502276-Dark Navy03,X004HSXSG5,B0DPWWVW6L,"Women's Stretch Cargo Pants High Waist Bootcut Flare Leggings with 6 Pockets Soft Yoga Work Pants for Business Casual, Travel, Athletic Dark Navy(S)",5,0,4,1,
122502276-Army Green-S,X004NWDJQT,B0F6C9VHJH,"Women's Stretch Cargo Pants High Waist Bootcut Flare Leggings with 6 Pockets Soft Yoga Work Pants for Business Casual, Travel, Athletic Army Green(S)",2,1,1,0,
122502275-Black-3XL,X004HEW54Z,B0DP6Q7C71,Casei Womens Plus Size Golf Polo Shirts Short Sleeve Tunic Tops V Neck Collared Casual Workout Work Polo Black 3XL,74,1,73,0,
122502275-Burgundy-5XL,X004L34WJX,B0DYCZR26B,Casei Womens Plus Size Golf Polo Shirts Short Sleeve Tunic Tops V Neck Collared Casual Workout Work Polo Burgundy 5XL,1,0,0,1,
122502276-Dark Gray07,X004HSZ3EZ,B0DPWZMCXN,"Women's Stretch Cargo Pants High Waist Bootcut Flare Leggings with 6 Pockets Soft Yoga Work Pants for Business Casual, Travel, Athletic Dark Gray(XXL)",8,0,8,0,
122502275-Burgundy-3XL,X004L3MSM1,B0DYCZP9TP,Casei Womens Plus Size Golf Polo Shirts Short Sleeve Tunic Tops V Neck Collared Casual Workout Work Polo Burgundy 3XL,1,0,1,0,
122502273-Black-L,X004H7B4G7,B0DNYL9LQ5,"Casei Wide Leg Yoga Pants for Women High Waist Adjustable Hem Loose Dance Casual Pant with Pockets,Black L",1,0,1,0,
122502269-Dark Gray-XL,X004H7CJ3T,B0DNYLGPQT,"Casei Women's Cargo Pants Lightweight Quick Dry Water Resistant Convertible Hiking Capris with 6 Pockets Travel Casual Outdoor,Dark Gray,XL",1,0,1,0,
122502276-Black07,X004HSW8GB,B0DPWZFKP1,"Women's Stretch Cargo Pants High Waist Bootcut Flare Leggings with 6 Pockets Soft Yoga Work Pants for Business Casual, Travel, Athletic Black(XXL)",11,5,5,1,
122502269-Black-S,X004H7B0XT,B0DNYM126F,"Casei Women's Cargo Capris Quick Dry Lightweight Water Resistant Roll Up Hiking Pants with 6 Pockets Travel Casual Outdoor,Black,S",1,0,0,1,
122502275-Dark Purple-4XL,X004HEPS4J,B0DP6QPNWF,Casei Womens Plus Size Golf Polo Shirts Short Sleeve Tunic Tops V Neck Collared Casual Workout Work Polo Dark Purple 4XL,2,0,1,1,
122502275-Dark Gray-3XL,X004L5THOV,B0DYJSDS96,Casei Womens Plus Size Golf Polo Shirts Short Sleeve Tunic Tops V Neck Collared Casual Workout Work Polo Dark Gray 3XL,4,0,4,0,
122502265-Dark Gray-XXL,X004H37REJ,B0DNQH3MFR,"Casei Womens Cargo Pants, Wide Leg Yoga Pants High Waist Stretch Casual Pants with Pockets Business Travel Work Dark Gray XXL",1,0,0,1,
122502265-Dark Blue-M,X004H3AIRR,B0DNQL38SC,"Casei Womens Cargo Pants, Wide Leg Yoga Pants High Waist Stretch Casual Pants with Pockets Business Travel Work Dark Blue M",2,1,1,0,
122502276-Dark Gray04,X004HT0DCB,B0DPX131WM,"Women's Stretch Cargo Pants High Waist Bootcut Flare Leggings with 6 Pockets Soft Yoga Work Pants for Business Casual, Travel, Athletic Dark Gray(M)",43,6,37,0,
122502275-Pink-XL,X004L3D0EL,B0DYD6YJ8F,Casei Womens Plus Size Golf Polo Shirts Short Sleeve Tunic Tops V Neck Collared Casual Workout Work Polo Pink XL,1,0,1,0,
122502265-Dark Blue-XL,X004H396LV,B0DNQJNLCB,"Casei Womens Cargo Pants, Wide Leg Yoga Pants High Waist Stretch Casual Pants with Pockets Business Travel Work Dark Blue XL",1,0,1,0,
122502275-Dark Gray-XL,X004L5OPO3,B0DYHY9M3K,Casei Womens Plus Size Golf Polo Shirts Short Sleeve Tunic Tops V Neck Collared Casual Workout Work Polo Dark Gray XL,1,0,0,1,
122502275-Dark Purple-3XL,X004HEPYPR,B0DP6PLPWQ,Casei Womens Plus Size Golf Polo Shirts Short Sleeve Tunic Tops V Neck Collared Casual Workout Work Polo Dark Purple 3XL,2,0,1,1,
122502275-White Pink Flowers-4XL,X004MRUL7Z,B0F3D5K67M,Casei Womens Plus Size Golf Polo Shirts Short Sleeve Tunic Tops V Neck Collared Casual Workout Work Polo White Pink Flowers 4XL,1,0,1,0,
122502276-Dark Gray03,X004HT0EQL,B0DPWYVFWG,"Women's Stretch Cargo Pants High Waist Bootcut Flare Leggings with 6 Pockets Soft Yoga Work Pants for Business Casual, Travel, Athletic Dark Gray(S)",5,1,4,0,
122502276-Dark Gray05,X004HSUAGL,B0DPX1517C,"Women's Stretch Cargo Pants High Waist Bootcut Flare Leggings with 6 Pockets Soft Yoga Work Pants for Business Casual, Travel, Athletic Dark Gray(L)",39,0,38,1,
122502280 -Royal Blue-4XL,X004MRK1HZ,B0F3D4WK4X,Casei Women's Plus Size Golf Polo Shirts Short Sleeve Collared Tennis Workout Tops Loose Fit UPF 50+ Royal Blue 4XL,1,0,1,0,
122502276-Khaki04,X004HSXT23,B0DPWYYJCB,"Women's Stretch Cargo Pants High Waist Bootcut Flare Leggings with 6 Pockets Soft Yoga Work Pants for Business Casual, Travel, Athletic Khaki(M)",5,1,4,0,
122502276-Khaki05,X004HSW4NN,B0DPWZB71K,"Women's Stretch Cargo Pants High Waist Bootcut Flare Leggings with 6 Pockets Soft Yoga Work Pants for Business Casual, Travel, Athletic Khaki(L)",2,0,1,1,
122502280 -Dark Purple-3XL,X004MRV89Z,B0F3D61WKR,Casei Women's Plus Size Golf Polo Shirts Short Sleeve Collared Tennis Workout Tops Loose Fit UPF 50+ Dark Purple 3XL,1,0,1,0,
122502280 -Royal Blue-XL,X004MRANP5,B0F3D6VWK3,Casei Women's Plus Size Golf Polo Shirts Short Sleeve Collared Tennis Workout Tops Loose Fit UPF 50+ Royal Blue XL,2,0,2,0,
122502280 -Black-3XL,X004MRJYDR,B0F3D73QMT,Casei Women's Plus Size Golf Polo Shirts Short Sleeve Collared Tennis Workout Tops Loose Fit UPF 50+ Black 3XL,1,0,1,0,
122502280 -Pink-XL,X004MRV1G5,B0F3D6VV6L,Casei Women's Plus Size Golf Polo Shirts Short Sleeve Collared Tennis Workout Tops Loose Fit UPF 50+ Pink XL,17,0,16,1,
122502280 -White-XXL,X004MRV0QB,B0F3D9YC11,Casei Women's Plus Size Golf Polo Shirts Short Sleeve Collared Tennis Workout Tops Loose Fit UPF 50+ White 2XL,5,1,3,1,
122502280 -Navy-XXL,X004Q92C2L,B0FDQ1HJGD,Casei Women's Plus Size Golf Polo Shirts Short Sleeve Collared Tennis Workout Tops Loose Fit UPF 50+ Navy 2XL,5,1,4,0,
122502276-Royal Blue-S,X004TED137,B0FNW6QKJV,"Women's Stretch Cargo Pants High Waist Bootcut Flare Leggings with 6 Pockets Soft Yoga Work Pants for Business Casual, Travel, Athletic Royal Blue(S)",24,2,22,0,
122502280 -Burgundy-3XL,X004Q8WHUJ,B0FDQ7D82M,Casei Women's Plus Size Golf Polo Shirts Short Sleeve Collared Tennis Workout Tops Loose Fit UPF 50+ Burgundy 3XL,1,0,1,0,
122502276-Khaki03,X004HSUAO3,B0DPWZH3ZZ,"Women's Stretch Cargo Pants High Waist Bootcut Flare Leggings with 6 Pockets Soft Yoga Work Pants for Business Casual, Travel, Athletic Khaki(S)",2,0,1,1,
122502276-Royal Blue-2XL,X004TE91NB,B0FNW5XTXF,"Women's Stretch Cargo Pants High Waist Bootcut Flare Leggings with 6 Pockets Soft Yoga Work Pants for Business Casual, Travel, Athletic Royal Blue(XXL)",23,0,23,0,
122502280 -Pink-3XL,X004MRUHEH,B0F3D5KD9H,Casei Women's Plus Size Golf Polo Shirts Short Sleeve Collared Tennis Workout Tops Loose Fit UPF 50+ Pink 3XL,16,0,16,0,
122502276-Khaki06,X004HSUAHF,B0DPWXG4B7,"Women's Stretch Cargo Pants High Waist Bootcut Flare Leggings with 6 Pockets Soft Yoga Work Pants for Business Casual, Travel, Athletic Khaki(XL)",1,0,1,0,
122502280 -Black-XL,X004MRK3XR,B0F3D5Q1HG,Casei Women's Plus Size Golf Polo Shirts Short Sleeve Collared Tennis Workout Tops Loose Fit UPF 50+ Black XL,3,0,3,0,
122502276-Royal Blue-L,X004TE3I6H,B0FNW5B146,"Women's Stretch Cargo Pants High Waist Bootcut Flare Leggings with 6 Pockets Soft Yoga Work Pants for Business Casual, Travel, Athletic Royal Blue(L)",28,1,27,0,
122502280 -Navy-3XL,X004Q8RQTL,B0FDQ8ZC8M,Casei Women's Plus Size Golf Polo Shirts Short Sleeve Collared Tennis Workout Tops Loose Fit UPF 50+ Navy 3XL,6,0,6,0,
122502276-Dark Navy04,X004HT1EQP,B0DPWYWRQK,"Women's Stretch Cargo Pants High Waist Bootcut Flare Leggings with 6 Pockets Soft Yoga Work Pants for Business Casual, Travel, Athletic Dark Navy(M)",19,3,14,2,
122502280 -Royal Blue-3XL,X004MRXY5V,B0F3D5Q4SL,Casei Women's Plus Size Golf Polo Shirts Short Sleeve Collared Tennis Workout Tops Loose Fit UPF 50+ Royal Blue 3XL,3,2,1,0,
122502276-Dark Navy07,X004HSW84N,B0DPWZ55NQ,"Women's Stretch Cargo Pants High Waist Bootcut Flare Leggings with 6 Pockets Soft Yoga Work Pants for Business Casual, Travel, Athletic Dark Navy(XXL)",4,0,4,0,
122502280 -Pink-4XL,X004MRUHPB,B0F3D7ZLHV,Casei Women's Plus Size Golf Polo Shirts Short Sleeve Collared Tennis Workout Tops Loose Fit UPF 50+ Pink 4XL,2,0,2,0,
122502280 -Black-XXL,X004MRV0VB,B0F3D4V6Y1,Casei Women's Plus Size Golf Polo Shirts Short Sleeve Collared Tennis Workout Tops Loose Fit UPF 50+ Black 2XL,3,0,2,1,
122502280 -Pink-XXL,X004MRUTAJ,B0F3D5VCTS,Casei Women's Plus Size Golf Polo Shirts Short Sleeve Collared Tennis Workout Tops Loose Fit UPF 50+ Pink 2XL,9,0,9,0,
122502280 -Burgundy-XL,X004Q8X4J7,B0FDQDKN6R,Casei Women's Plus Size Golf Polo Shirts Short Sleeve Collared Tennis Workout Tops Loose Fit UPF 50+ Burgundy XL,4,1,3,0,
122502276-Royal Blue-XL,X004THL6B3,B0FNWC6DB6,"Women's Stretch Cargo Pants High Waist Bootcut Flare Leggings with 6 Pockets Soft Yoga Work Pants for Business Casual, Travel, Athletic Royal Blue(XL)",19,2,17,0,
122502276-Dark Navy06,X004HSW4ZB,B0DPWX854K,"Women's Stretch Cargo Pants High Waist Bootcut Flare Leggings with 6 Pockets Soft Yoga Work Pants for Business Casual, Travel, Athletic Dark Navy(XL)",41,1,40,0,
122502276-Khaki07,X004HSXSAV,B0DPWY5Z99,"Women's Stretch Cargo Pants High Waist Bootcut Flare Leggings with 6 Pockets Soft Yoga Work Pants for Business Casual, Travel, Athletic Khaki(XXL)",6,0,6,0,
122502280 -Royal Blue-XXL,X004MRU6C5,B0F3D62RS6,Casei Women's Plus Size Golf Polo Shirts Short Sleeve Collared Tennis Workout Tops Loose Fit UPF 50+ Royal Blue 2XL,6,0,0,6,
122502280 -Dark Purple-XL,X004MRAN3H,B0F3D71J4K,Casei Women's Plus Size Golf Polo Shirts Short Sleeve Collared Tennis Workout Tops Loose Fit UPF 50+ Dark Purple XL,2,0,1,1,
122502280 -Black-4XL,X004MRK139,B0F3D4BB64,Casei Women's Plus Size Golf Polo Shirts Short Sleeve Collared Tennis Workout Tops Loose Fit UPF 50+ Black 4XL,1,0,0,1,
122502276-Royal Blue-M,X004TGVBA5,B0FNW5B4Z3,"Women's Stretch Cargo Pants High Waist Bootcut Flare Leggings with 6 Pockets Soft Yoga Work Pants for Business Casual, Travel, Athletic Royal Blue(M)",42,5,37,0,
122502276-Dark Navy05,X004HSWBAJ,B0DPWXTPBW,"Women's Stretch Cargo Pants High Waist Bootcut Flare Leggings with 6 Pockets Soft Yoga Work Pants for Business Casual, Travel, Athletic Dark Navy(L)",9,0,9,0,
122502280 -White-3XL,X004MRXPV9,B0F3D73J2B,Casei Women's Plus Size Golf Polo Shirts Short Sleeve Collared Tennis Workout Tops Loose Fit UPF 50+ White 3XL,26,0,25,1,
122502280 -White-XL,X004MRRKCJ,B0F3D4XTPW,Casei Women's Plus Size Golf Polo Shirts Short Sleeve Collared Tennis Workout Tops Loose Fit UPF 50+ White XL,4,1,2,1,
122502276-Khaki tan-L,X004NURA7F,B0F66ZXFRC,"Women's Stretch Cargo Pants High Waist Bootcut Flare Leggings with 6 Pockets Soft Yoga Work Pants for Business Casual, Travel, Athletic Khaki tan(L)",2,1,1,0,
124030242-Dark Blue-S,X0042ZRQ1L,B0CQYPHHCV,"Flare Leggings for Women Yoga Crossover High Waist Pants with Tummy Control Workout Cargo with 5 Pockets Bootcut Leggings,Dark Blue(S)",30,2,28,0,
124030242-Army Green-L,X0042ZTL5P,B0CQYPHB7Y,"Flare Leggings for Women Yoga Crossover High Waist Pants with Tummy Control Workout Cargo with 5 Pockets Bootcut Leggings,Army Green(L)",11,0,11,0,
124040250-Dark Blue-28-S,X004SCQKZV,B0FL1S89S5,"Casei Yoga Pants with Pockets for Women Petite Wide Leg Travel Cargo Chef Pants High Waist Crossover Stretch Work Casual,28"" Inseam Dark Blue(S)",36,2,33,1,
124040250-Black-XS,X004QHBAKN,B0FF9H6SD1,"Casei Yoga Pants with Pockets for Women Wide Leg Cargo Pants High Waist Crossover Stretch Work Travel Casual Sweatpants,Black(XS)",4,3,1,0,
124030242-Deep Gray-L,X0042ZTL1J,B0CQYPGH1Q,"Flare Leggings for Women Yoga Crossover High Waist Pants with Tummy Control Workout Cargo with 5 Pockets Bootcut Leggings,Deep Gray(L)",2,1,1,0,
124040250-Dark Blue-2XL,X0049L2NIT,B0D62M8JTS,"Casei Yoga Pants with Pockets for Women Wide Leg Cargo Pants High Waist Crossover Stretch Work Travel Casual Sweatpants,Dark Blue(2XL)",8,0,8,0,
124040250-Dark Blue-L,X0049L702X,B0D62PP9VJ,"Casei Yoga Pants with Pockets for Women Wide Leg Cargo Pants High Waist Crossover Stretch Work Travel Casual Sweatpants,Dark Blue(L)",26,1,25,0,
124040250-Dark Blue-28-M,X004SCTA5X,B0FL1QZXNK,"Casei Yoga Pants with Pockets for Women Petite Wide Leg Travel Cargo Chef Pants High Waist Crossover Stretch Work Casual,28"" Inseam Dark Blue(M)",2,0,1,1,
124040250-Dark Blue-28-XL,X004SCTX7D,B0FL1R9PCX,"Casei Yoga Pants with Pockets for Women Petite Wide Leg Travel Cargo Chef Pants High Waist Crossover Stretch Work Casual,28"" Inseam Dark Blue(XL)",5,3,1,1,
124040250-Army Green-XL,X004EL8JXR,B0DHTGW6GJ,"Casei Yoga Pants with Pockets for Women Wide Leg Cargo Pants High Waist Crossover Stretch Work Travel Casual Sweatpants,Army Green(XL)",1,0,1,0,
124030242-Deep Gray-S,X0042ZRQ4X,B0CQYNJY75,"Flare Leggings for Women Yoga Crossover High Waist Pants with Tummy Control Workout Cargo with 5 Pockets Bootcut Leggings,Deep Gray(S)",11,1,10,0,
124030242-Khaki tan-L,X004MRYB7L,B0F3D99NJY,"Flare Leggings for Women Yoga Crossover High Waist Pants with Tummy Control Workout Cargo with 5 Pockets Bootcut Leggings,Khaki tan(L)",1,1,0,0,
124030242-Royal Blue-S,X004GZ8C5V,B0DNHJT9D8,"Flare Leggings for Women Yoga Crossover High Waist Pants with Tummy Control Workout Cargo with 5 Pockets Bootcut Leggings,Royal Blue(S)",2,0,2,0,
124030242-Deep Gray-M,X0042ZY8YT,B0CQYPFK4L,"Flare Leggings for Women Yoga Crossover High Waist Pants with Tummy Control Workout Cargo with 5 Pockets Bootcut Leggings,Deep Gray(M)",14,3,11,0,
124030242-Black-S,X0042ZTL4V,B0CQYNZ84V,"Flare Leggings for Women Yoga Crossover High Waist Pants with Tummy Control Workout Cargo with 5 Pockets Bootcut Leggings,Black(S)",96,2,94,0,
124030242-Heather Grey-2XL,X004EL9ZB7,B0DHTHVJ5D,"Flare Leggings for Women Yoga Crossover High Waist Pants with Tummy Control Workout Cargo with 5 Pockets Bootcut Leggings,Heather Grey(2XL)",4,1,3,0,
124030242-Dark Blue-2XL,X0042ZTL0P,B0CQYPH5TL,"Flare Leggings for Women Yoga Crossover High Waist Pants with Tummy Control Workout Cargo with 5 Pockets Bootcut Leggings,Dark Blue(2XL)",6,1,5,0,
124030242-Black-XL,X0042ZY975,B0CQYQ2BTL,"Flare Leggings for Women Yoga Crossover High Waist Pants with Tummy Control Workout Cargo with 5 Pockets Bootcut Leggings,Black(XL)",201,1,197,3,
124040250-Army Green-M,X004ELEE4P,B0DHTDCJMZ,"Casei Yoga Pants with Pockets for Women Wide Leg Cargo Pants High Waist Crossover Stretch Work Travel Casual Sweatpants,Army Green(M)",3,0,2,1,
124040250-Black-28-L,X004SCT88R,B0FL1N996B,"Casei Yoga Pants with Pockets for Women Petite Wide Leg Travel Cargo Chef Pants High Waist Crossover Stretch Work Casual,28"" Inseam Black(L)",10,9,0,1,
124030242-Heather Grey-XL,X004EL7VH7,B0DHTJTW8Z,"Flare Leggings for Women Yoga Crossover High Waist Pants with Tummy Control Workout Cargo with 5 Pockets Bootcut Leggings,Heather Grey(XL)",3,0,3,0,
124040250-Army Green-2XL,X004EL7K1J,B0DHTBWGHR,"Casei Yoga Pants with Pockets for Women Wide Leg Cargo Pants High Waist Crossover Stretch Work Travel Casual Sweatpants,Army Green(2XL)",2,0,2,0,
124040250-Black-28-2XL,X004SCQHV3,B0FL1T7KDK,"Casei Yoga Pants with Pockets for Women Petite Wide Leg Travel Cargo Chef Pants High Waist Crossover Stretch Work Casual,28"" Inseam Black(2XL)",5,0,3,2,
124030242-Dark Coffee-S,X004GZA4BB,B0DNHK2QXM,"Flare Leggings for Women Yoga Crossover High Waist Pants with Tummy Control Workout Cargo with 5 Pockets Bootcut Leggings,Dark Coffee(S)",22,3,19,0,
124030242-Heather Grey-S,X004ELG0AL,B0DHTLQ1VC,"Flare Leggings for Women Yoga Crossover High Waist Pants with Tummy Control Workout Cargo with 5 Pockets Bootcut Leggings,Heather Grey(S)",2,0,2,0,
124040250-Army Green-L,X004EL7J47,B0DHTCVPCM,"Casei Yoga Pants with Pockets for Women Wide Leg Cargo Pants High Waist Crossover Stretch Work Travel Casual Sweatpants,Army Green(L)",25,1,22,2,
124040250-Dark Blue-3XL,X0049L6Z1P,B0D62NXLCG,"Casei Yoga Pants with Pockets for Women Wide Leg Cargo Pants High Waist Crossover Stretch Work Travel Casual Sweatpants,Dark Blue(3XL)",14,0,13,1,
124030242-Royal Blue-M,X004GZ31WF,B0DNHKZTRR,"Flare Leggings for Women Yoga Crossover High Waist Pants with Tummy Control Workout Cargo with 5 Pockets Bootcut Leggings,Royal Blue(M)",5,0,4,1,
124030242-Army Green-XL,X0042ZY93J,B0CQYPFW19,"Flare Leggings for Women Yoga Crossover High Waist Pants with Tummy Control Workout Cargo with 5 Pockets Bootcut Leggings,Army Green(XL)",11,0,11,0,
124030242-Army Green-S,X0042ZY97P,B0CQYPSK5T,"Flare Leggings for Women Yoga Crossover High Waist Pants with Tummy Control Workout Cargo with 5 Pockets Bootcut Leggings,Army Green(S)",3,0,3,0,
124030242-Army Green-M,X0042ZRQ7P,B0CQYP5TKV,"Flare Leggings for Women Yoga Crossover High Waist Pants with Tummy Control Workout Cargo with 5 Pockets Bootcut Leggings,Army Green(M)",2,0,2,0,
124040250-Black-M,X0049L8LVR,B0D62Q6V8L,"Casei Yoga Pants with Pockets for Women Wide Leg Cargo Pants High Waist Crossover Stretch Work Travel Casual Sweatpants,Black(M)",179,6,162,11,
124030242-Khaki-M,X0042ZY943,B0CQYNZF3N,"Flare Leggings for Women Yoga Crossover High Waist Pants with Tummy Control Workout Cargo with 5 Pockets Bootcut Leggings,Khaki(M)",16,0,16,0,
124040250-Dark Blue-28-L,X004SCQHNV,B0FL1PJNBQ,"Casei Yoga Pants with Pockets for Women Petite Wide Leg Travel Cargo Chef Pants High Waist Crossover Stretch Work Casual,28"" Inseam Dark Blue(L)",7,5,2,0,
124030242-Royal Blue-2XL,X004GZ34YP,B0DNHGF51T,"Flare Leggings for Women Yoga Crossover High Waist Pants with Tummy Control Workout Cargo with 5 Pockets Bootcut Leggings,Royal Blue(2XL)",2,0,2,0,
124040250-Black-XL,X0049L9AAD,B0D62MH17X,"Casei Yoga Pants with Pockets for Women Wide Leg Cargo Pants High Waist Crossover Stretch Work Travel Casual Sweatpants,Black(XL)",208,8,191,9,
124030242-Deep Gray-XL,X0042ZY93T,B0CQYQ38TY,"Flare Leggings for Women Yoga Crossover High Waist Pants with Tummy Control Workout Cargo with 5 Pockets Bootcut Leggings,Deep Gray(XL)",37,1,36,0,
124030242-Dark Blue-M,X0042ZTL41,B0CQYQGM45,"Flare Leggings for Women Yoga Crossover High Waist Pants with Tummy Control Workout Cargo with 5 Pockets Bootcut Leggings,Dark Blue(M)",33,0,33,0,
124040250-Black-2XL,X0049L5B2J,B0D62M4RW9,"Casei Yoga Pants with Pockets for Women Wide Leg Cargo Pants High Waist Crossover Stretch Work Travel Casual Sweatpants,Black(2XL)",81,7,70,4,
124040250-Black-28-XS,X004SCU5MF,B0FL1QWDRZ,"Casei Yoga Pants with Pockets for Women Petite Wide Leg Travel Cargo Chef Pants High Waist Crossover Stretch Work Casual,28"" Inseam Black(XS)",15,0,12,3,
124040250-Black-28-XL,X004SCQFFL,B0FL1RYBG2,"Casei Yoga Pants with Pockets for Women Petite Wide Leg Travel Cargo Chef Pants High Waist Crossover Stretch Work Casual,28"" Inseam Black(XL)",6,1,4,1,
124030242-Heather Grey-M,X004ELFBE7,B0DHTK79B4,"Flare Leggings for Women Yoga Crossover High Waist Pants with Tummy Control Workout Cargo with 5 Pockets Bootcut Leggings,Heather Grey(M)",3,1,2,0,
124030242-Wine Red-M,X0048OTN49,B0D46SGN1B,"Flare Leggings for Women Yoga Crossover High Waist Pants with Tummy Control Workout Cargo with 5 Pockets Bootcut Leggings,Wine Red(M)",4,2,1,1,
124040250-Black-28-S,X004SCUVVZ,B0FL1S84NK,"Casei Yoga Pants with Pockets for Women Petite Wide Leg Travel Cargo Chef Pants High Waist Crossover Stretch Work Casual,28"" Inseam Black(S)",7,1,4,2,
124030242-Royal Blue-XL,X004GZCJMN,B0DNHHMB54,"Flare Leggings for Women Yoga Crossover High Waist Pants with Tummy Control Workout Cargo with 5 Pockets Bootcut Leggings,Royal Blue(XL)",2,0,1,1,
124030242-Deep Gray-2XL,X0042ZRQ75,B0CQYNFTV4,"Flare Leggings for Women Yoga Crossover High Waist Pants with Tummy Control Workout Cargo with 5 Pockets Bootcut Leggings,Deep Gray(2XL)",17,0,17,0,
124030242-Khaki-S,X0042ZTL2X,B0CQYPTKD2,"Flare Leggings for Women Yoga Crossover High Waist Pants with Tummy Control Workout Cargo with 5 Pockets Bootcut Leggings,Khaki(S)",20,1,19,0,
124030242-Black-M,X0042ZQVCV,B0CQYQ48QZ,"Flare Leggings for Women Yoga Crossover High Waist Pants with Tummy Control Workout Cargo with 5 Pockets Bootcut Leggings,Black(M)",244,3,237,4,
124030242-Black-2XL,X0042ZRPYT,B0CQYPB236,"Flare Leggings for Women Yoga Crossover High Waist Pants with Tummy Control Workout Cargo with 5 Pockets Bootcut Leggings,Black(2XL)",122,2,118,2,
124030242-Heather Grey-L,X004ELFB1P,B0DHTK511S,"Flare Leggings for Women Yoga Crossover High Waist Pants with Tummy Control Workout Cargo with 5 Pockets Bootcut Leggings,Heather Grey(L)",3,0,3,0,
124030242-Dark Coffee-M,X004GZ9S95,B0DNHJQDQL,"Flare Leggings for Women Yoga Crossover High Waist Pants with Tummy Control Workout Cargo with 5 Pockets Bootcut Leggings,Dark Coffee(M)",3,0,3,0,
124030242-Dark Coffee-2XL,X004GZ2Z3B,B0DNHKZZ3C,"Flare Leggings for Women Yoga Crossover High Waist Pants with Tummy Control Workout Cargo with 5 Pockets Bootcut Leggings,Dark Coffee(2XL)",3,0,3,0,
124030242-Khaki-2XL,X0042ZRQGB,B0CQYNYTVB,"Flare Leggings for Women Yoga Crossover High Waist Pants with Tummy Control Workout Cargo with 5 Pockets Bootcut Leggings,Khaki(2XL)",2,0,2,0,
124040250-Black-L,X0049L71UJ,B0D62PXK4P,"Casei Yoga Pants with Pockets for Women Wide Leg Cargo Pants High Waist Crossover Stretch Work Travel Casual Sweatpants,Black(L)",176,8,164,4,
124030242-Dark Blue-L,X0042ZY911,B0CQYNV4L2,"Flare Leggings for Women Yoga Crossover High Waist Pants with Tummy Control Workout Cargo with 5 Pockets Bootcut Leggings,Dark Blue(L)",24,0,23,1,
124030242-Black-L,X0042ZY957,B0CQYQ5RK6,"Flare Leggings for Women Yoga Crossover High Waist Pants with Tummy Control Workout Cargo with 5 Pockets Bootcut Leggings,Black(L)",264,4,254,6,
124030242-Khaki-L,X0042ZQVD5,B0CQYQ23QP,"Flare Leggings for Women Yoga Crossover High Waist Pants with Tummy Control Workout Cargo with 5 Pockets Bootcut Leggings,Khaki(L)",21,1,20,0,
124030242-Black-3XL,X004ENTRQX,B0DHWWFCT1,"Flare Leggings for Women Yoga Crossover High Waist Pants with Tummy Control Workout Cargo with 5 Pockets Bootcut Leggings,Black(3XL)",30,0,30,0,
124040250-Black-28-M,X004SCQF6Z,B0FL1SC6HY,"Casei Yoga Pants with Pockets for Women Petite Wide Leg Travel Cargo Chef Pants High Waist Crossover Stretch Work Casual,28"" Inseam Black(M)",14,7,3,4,
124040250-Black-S,X0049L59NF,B0D62P6S4R,"Casei Yoga Pants with Pockets for Women Wide Leg Cargo Pants High Waist Crossover Stretch Work Travel Casual Sweatpants,Black(S)",109,2,105,2,
124030242-Wine Red-2XL,X0048OQXUB,B0D46T6KXR,"Flare Leggings for Women Yoga Crossover High Waist Pants with Tummy Control Workout Cargo with 5 Pockets Bootcut Leggings,Wine Red(2XL)",1,0,1,0,
124030242-Wine Red-L,X0048OTNKX,B0D46TPR2C,"Flare Leggings for Women Yoga Crossover High Waist Pants with Tummy Control Workout Cargo with 5 Pockets Bootcut Leggings,Wine Red(L)",1,0,0,1,
124040250-Black-3XL,X0049L9AMV,B0D62PN8G7,"Casei Yoga Pants with Pockets for Women Wide Leg Cargo Pants High Waist Crossover Stretch Work Travel Casual Sweatpants,Black(3XL)",131,2,126,3,
124030242-Dark Blue-XL,X0042ZQV71,B0CQYNZB4K,"Flare Leggings for Women Yoga Crossover High Waist Pants with Tummy Control Workout Cargo with 5 Pockets Bootcut Leggings,Dark Blue(XL)",41,1,40,0,
124040250-Royal Blue-L,X004SD1S93,B0FL24KCHQ,"Casei Yoga Pants with Pockets for Women Wide Leg Cargo Pants High Waist Crossover Stretch Work Travel Casual Sweatpants,Royal Blue(L)",1,0,1,0,
124040250-Taupe-S,X004SCZPAH,B0FL29RZFQ,"Casei Yoga Pants with Pockets for Women Wide Leg Cargo Pants High Waist Crossover Stretch Work Travel Casual Sweatpants,Taupe(S)",19,6,13,0,
124040250-Royal Blue-2XL,X004SD1RFX,B0FL28BBSW,"Casei Yoga Pants with Pockets for Women Wide Leg Cargo Pants High Waist Crossover Stretch Work Travel Casual Sweatpants,Royal Blue(2XL)",3,0,3,0,
124040250-Dark Blue-S,X0049KYMXJ,B0D62Q4PM4,"Casei Yoga Pants with Pockets for Women Wide Leg Cargo Pants High Waist Crossover Stretch Work Travel Casual Sweatpants,Dark Blue(S)",1,0,1,0,
124040250-Dark Coffee-M,X004EL8KJF,B0DHTHMWCN,"Casei Yoga Pants with Pockets for Women Wide Leg Cargo Pants High Waist Crossover Stretch Work Travel Casual Sweatpants,Dark Coffee(M)",3,1,2,0,
124040250-Khaki-M,X0049L5B8N,B0D62MW2GB,"Casei Yoga Pants with Pockets for Women Wide Leg Cargo Pants High Waist Crossover Stretch Work Travel Casual Sweatpants,Khaki(M)",45,22,18,5,
124040250-Dark Brown-3XL,X004SCY0V7,B0FL289H31,"Casei Yoga Pants with Pockets for Women Wide Leg Cargo Pants High Waist Crossover Stretch Work Travel Casual Sweatpants,Dark Brown(3XL)",11,3,8,0,
124040250-Dark Gary-XL,X0049L2MT9,B0D62PD9J5,"Casei Yoga Pants with Pockets for Women Wide Leg Cargo Pants High Waist Crossover Stretch Work Travel Casual Sweatpants,Dark Gray(XL)",23,1,22,0,
124040250-Khaki-2XL,X0049L2PMN,B0D62NZHYN,"Casei Yoga Pants with Pockets for Women Wide Leg Cargo Pants High Waist Crossover Stretch Work Travel Casual Sweatpants,Khaki(2XL)",25,0,21,4,
124040250-Wine Red-2XL,X004EL9U1R,B0DHTHV1YL,"Casei Yoga Pants with Pockets for Women Wide Leg Cargo Pants High Waist Crossover Stretch Work Travel Casual Sweatpants,Wine Red(2XL)",16,0,15,1,
124040250-Khaki-XL,X0049L73V1,B0D62PL8N4,"Casei Yoga Pants with Pockets for Women Wide Leg Cargo Pants High Waist Crossover Stretch Work Travel Casual Sweatpants,Khaki(XL)",3,1,2,0,
124040250-Dark Coffee-S,X004EL8HQV,B0DHTFLRDT,"Casei Yoga Pants with Pockets for Women Wide Leg Cargo Pants High Waist Crossover Stretch Work Travel Casual Sweatpants,Dark Coffee(S)",3,0,3,0,
124040250-Dark Gary-28-L,X004SCU65V,B0FL1V612T,"Casei Yoga Pants with Pockets for Women Petite Wide Leg Travel Cargo Chef Pants High Waist Crossover Stretch Work Casual,28"" Inseam Dark Gray(L)",38,13,23,2,
124040250-Dark Gary-28-S,X004SCTAK3,B0FL1RBB56,"Casei Yoga Pants with Pockets for Women Petite Wide Leg Travel Cargo Chef Pants High Waist Crossover Stretch Work Casual,28"" Inseam Dark Gray(S)",6,1,5,0,
124040250-Khaki-L,X0049L9AY9,B0D62PC1C1,"Casei Yoga Pants with Pockets for Women Wide Leg Cargo Pants High Waist Crossover Stretch Work Travel Casual Sweatpants,Khaki(L)",5,1,0,4,
124040250-Dark Gary-28-XS,X004SCU65L,B0FL1S5D11,"Casei Yoga Pants with Pockets for Women Petite Wide Leg Travel Cargo Chef Pants High Waist Crossover Stretch Work Casual,28"" Inseam Dark Gray(XS)",18,0,18,0,
124040250-Wine Red-M,X004EL6PWT,B0DHTGF8BB,"Casei Yoga Pants with Pockets for Women Wide Leg Cargo Pants High Waist Crossover Stretch Work Travel Casual Sweatpants,Wine Red(M)",20,2,18,0,
124040250-Dark Gary-L,X0049L7YAB,B0D62NKM6J,"Casei Yoga Pants with Pockets for Women Wide Leg Cargo Pants High Waist Crossover Stretch Work Travel Casual Sweatpants,Dark Gray(L)",60,1,58,1,
124040250-Wine Red-L,X004ELC8YN,B0DHTHTP5F,"Casei Yoga Pants with Pockets for Women Wide Leg Cargo Pants High Waist Crossover Stretch Work Travel Casual Sweatpants,Wine Red(L)",41,1,40,0,
124040250-Taupe-2XL,X004SDAHAJ,B0FL2BYYSP,"Casei Yoga Pants with Pockets for Women Wide Leg Cargo Pants High Waist Crossover Stretch Work Travel Casual Sweatpants,Taupe(2XL)",3,1,1,1,
124040250-Dark Brown-M,X004SD113B,B0FL29TRTP,"Casei Yoga Pants with Pockets for Women Wide Leg Cargo Pants High Waist Crossover Stretch Work Travel Casual Sweatpants,Dark Brown(M)",55,23,27,5,
124040250-Wine Red-3XL,X004EL8HDT,B0DHTGD8YK,"Casei Yoga Pants with Pockets for Women Wide Leg Cargo Pants High Waist Crossover Stretch Work Travel Casual Sweatpants,Wine Red(3XL)",7,0,7,0,
124040250-Khaki-3XL,X0049L73VL,B0D62RPWKR,"Casei Yoga Pants with Pockets for Women Wide Leg Cargo Pants High Waist Crossover Stretch Work Travel Casual Sweatpants,Khaki(3XL)",19,0,19,0,
124040250-Taupe-3XL,X004SD7AV3,B0FL27159G,"Casei Yoga Pants with Pockets for Women Wide Leg Cargo Pants High Waist Crossover Stretch Work Travel Casual Sweatpants,Taupe(3XL)",16,7,9,0,
124040250-Khaki-S,X0049L2PGT,B0D62ML4W6,"Casei Yoga Pants with Pockets for Women Wide Leg Cargo Pants High Waist Crossover Stretch Work Travel Casual Sweatpants,Khaki(S)",34,0,30,4,
124040250-Taupe-L,X004SD6Y3N,B0FL2948XF,"Casei Yoga Pants with Pockets for Women Wide Leg Cargo Pants High Waist Crossover Stretch Work Travel Casual Sweatpants,Taupe(L)",35,15,20,0,
124040250-Dark Gary-28-XL,X004SCU6GF,B0FL1RBB57,"Casei Yoga Pants with Pockets for Women Petite Wide Leg Travel Cargo Chef Pants High Waist Crossover Stretch Work Casual,28"" Inseam Dark Gray(XL)",11,2,8,1,
124040250-Dark Blue-XL,X0049L9BWZ,B0D62PL6Z4,"Casei Yoga Pants with Pockets for Women Wide Leg Cargo Pants High Waist Crossover Stretch Work Travel Casual Sweatpants,Dark Blue(XL)",20,3,17,0,
124040250-Royal Blue-3XL,X004SCXW6L,B0FL275R9Q,"Casei Yoga Pants with Pockets for Women Wide Leg Cargo Pants High Waist Crossover Stretch Work Travel Casual Sweatpants,Royal Blue(3XL)",1,0,1,0,
124040250-Dark Coffee-XL,X004ELEEAT,B0DHTDJ41D,"Casei Yoga Pants with Pockets for Women Wide Leg Cargo Pants High Waist Crossover Stretch Work Travel Casual Sweatpants,Dark Coffee(XL)",1,0,1,0,
124040250-Dark Gary-S,X0049L9AUN,B0D62P7QDB,"Casei Yoga Pants with Pockets for Women Wide Leg Cargo Pants High Waist Crossover Stretch Work Travel Casual Sweatpants,Dark Gray(S)",47,0,45,2,
124040250-Dark Coffee-L,X004EL7KC3,B0DHTHSV54,"Casei Yoga Pants with Pockets for Women Wide Leg Cargo Pants High Waist Crossover Stretch Work Travel Casual Sweatpants,Dark Coffee(L)",12,0,12,0,
124040250-Wine Red-S,X004ELEYUJ,B0DHTHRTC6,"Casei Yoga Pants with Pockets for Women Wide Leg Cargo Pants High Waist Crossover Stretch Work Travel Casual Sweatpants,Wine Red(S)",4,0,4,0,
124040250-Dark Gary-28-M,X004SCTXN7,B0FL1T8LQK,"Casei Yoga Pants with Pockets for Women Petite Wide Leg Travel Cargo Chef Pants High Waist Crossover Stretch Work Casual,28"" Inseam Dark Gray(M)",38,10,28,0,
124040250-Dark Brown-2XL,X004SD7GS5,B0FL26PK6B,"Casei Yoga Pants with Pockets for Women Wide Leg Cargo Pants High Waist Crossover Stretch Work Travel Casual Sweatpants,Dark Brown(2XL)",12,4,4,4,
124040250-Dark Gary-M,X0049L8NV5,B0D62M6HXS,"Casei Yoga Pants with Pockets for Women Wide Leg Cargo Pants High Waist Crossover Stretch Work Travel Casual Sweatpants,Dark Gray(M)",77,1,74,2,
124040250-Dark Gary-3XL,X0049KYNWT,B0D62PVSMG,"Casei Yoga Pants with Pockets for Women Wide Leg Cargo Pants High Waist Crossover Stretch Work Travel Casual Sweatpants,Dark Gray(3XL)",4,0,1,3,
124040250-Royal Blue-XL,X004SCY1AR,B0FL24XMND,"Casei Yoga Pants with Pockets for Women Wide Leg Cargo Pants High Waist Crossover Stretch Work Travel Casual Sweatpants,Royal Blue(XL)",6,0,6,0,
124040250-Taupe-M,X004SD8R15,B0FL274YSB,"Casei Yoga Pants with Pockets for Women Wide Leg Cargo Pants High Waist Crossover Stretch Work Travel Casual Sweatpants,Taupe(M)",13,12,1,0,
124040250-Dark Brown-XL,X004SD6OQZ,B0FL26TDD5,"Casei Yoga Pants with Pockets for Women Wide Leg Cargo Pants High Waist Crossover Stretch Work Travel Casual Sweatpants,Dark Brown(XL)",32,5,27,0,
124040250-Royal Blue-M,X004SD5NK3,B0FL26313K,"Casei Yoga Pants with Pockets for Women Wide Leg Cargo Pants High Waist Crossover Stretch Work Travel Casual Sweatpants,Royal Blue(M)",15,0,15,0,
124040250-Taupe-XL,X004SCXVS5,B0FL25YJ39,"Casei Yoga Pants with Pockets for Women Wide Leg Cargo Pants High Waist Crossover Stretch Work Travel Casual Sweatpants,Taupe(XL)",13,5,6,2,
124040250-Royal Blue-S,X004SD7EBT,B0FL29M7Z6,"Casei Yoga Pants with Pockets for Women Wide Leg Cargo Pants High Waist Crossover Stretch Work Travel Casual Sweatpants,Royal Blue(S)",5,0,5,0,
124040250-Wine Red-XL,X004EL8KQN,B0DHTGJCYJ,"Casei Yoga Pants with Pockets for Women Wide Leg Cargo Pants High Waist Crossover Stretch Work Travel Casual Sweatpants,Wine Red(XL)",14,0,14,0,
124040250-Dark Brown-S,X004SD8TV3,B0FL2CD2MK,"Casei Yoga Pants with Pockets for Women Wide Leg Cargo Pants High Waist Crossover Stretch Work Travel Casual Sweatpants,Dark Brown(S)",22,10,12,0,
124040250-Dark Gary-2XL,X0049KYLUD,B0D62NWXDN,"Casei Yoga Pants with Pockets for Women Wide Leg Cargo Pants High Waist Crossover Stretch Work Travel Casual Sweatpants,Dark Gray(2XL)",9,0,8,1,
124040250-Dark Gary-28-2XL,X004SCTRG5,B0FL1RCCKG,"Casei Yoga Pants with Pockets for Women Petite Wide Leg Travel Cargo Chef Pants High Waist Crossover Stretch Work Casual,28"" Inseam Dark Gray(2XL)",29,0,28,1,
124040250-Khaki tan-L,X004MRR65Z,B0F3D3DNSM,"Casei Yoga Pants with Pockets for Women Wide Leg Cargo Pants High Waist Crossover Stretch Work Travel Casual Sweatpants,Khaki tan(L)",6,1,5,0,
124040250-Dark Blue-M,X0049L72W1,B0D62NS8S1,"Casei Yoga Pants with Pockets for Women Wide Leg Cargo Pants High Waist Crossover Stretch Work Travel Casual Sweatpants,Dark Blue(M)",79,0,77,2,
124040250-Dark Brown-L,X004SCXVK3,B0FL26TMGB,"Casei Yoga Pants with Pockets for Women Wide Leg Cargo Pants High Waist Crossover Stretch Work Travel Casual Sweatpants,Dark Brown(L)",36,18,18,0,
124040250-Khaki tan-3XL,X004MRUTDB,B0F3D43V1H,"Casei Yoga Pants with Pockets for Women Wide Leg Cargo Pants High Waist Crossover Stretch Work Travel Casual Sweatpants,Khaki tan(3XL)",1,1,0,0,
22102031-Yellow-M,X004GYWO33,B0DNHGL7BH,"Casei Women's Sleeveless Golf Polo Shirts UPF 50+ Quick Dry Collared Polo Shirts Athletic Tank Tops Shirts,Yellow M",2,0,2,0,
22102031-Yellow-L,X004GZ3YTF,B0DNHCWN8X,"Casei Women's Sleeveless Golf Polo Shirts UPF 50+ Quick Dry Collared Polo Shirts Athletic Tank Tops Shirts,Yellow L",3,0,3,0,
22102031PK0105,X002Y4ED3B,B098NXN5C4,"Casei Women's Sleeveless Golf Polo Shirts UPF 50+ Quick Dry Collared Polo Shirts Athletic Tank Tops Shirts (Pink,L)",2,0,1,1,
22102031PK0104,X002Y4R3VF,B098NWFT2Y,"Casei Women's Sleeveless Golf Polo Shirts UPF 50+ Quick Dry Collared Polo Shirts Athletic Tank Tops Shirts (Pink,M)",3,1,2,0,
22102031BK0103,X002Y4MP3B,B098NWZ8QD,"Casei Women's Sleeveless Golf Polo Shirts UPF 50+ Quick Dry Collared Polo Shirts Athletic Tank Tops Shirts (Black,S)",3,1,2,0,
22102031GN0706,X0036ALKMJ,B09TK616XW,"Casei Women's Sleeveless Golf Polo Shirts UPF 50+ Quick Dry Collared Polo Shirts Athletic Tank Tops Shirts,Dark Green XL",2,0,1,1,
22102031WE0105,X003232EZR,B09K76LZTG,"Casei Women's Sleeveless Golf Polo Shirts UPF 50+ Quick Dry Collared Polo Shirts Athletic Tank Tops Shirts,White L",4,0,3,1,
22102031BE2207,X00322YOVF,B09K75W6XT,"Casei Women's Sleeveless Golf Polo Shirts UPF 50+ Quick Dry Collared Polo Shirts Athletic Tank Tops Shirts,Navy Blue 2XL",1,0,1,0,
22102031WE0104,X00322YOVP,B09K766SM1,"Casei Women's Sleeveless Golf Polo Shirts UPF 50+ Quick Dry Collared Polo Shirts Athletic Tank Tops Shirts,White M",19,0,19,0,
22102031PK0106,X002Y4ED3L,B098NYD8N6,"Casei Women's Sleeveless Golf Polo Shirts UPF 50+ Quick Dry Collared Polo Shirts Athletic Tank Tops Shirts (Pink,XL)",1,0,1,0,
22102031-Royal Blue-L,X0041RIMGD,B0CNV63SKK,"Casei Women's Sleeveless Golf Polo Shirts UPF 50+ Quick Dry Collared Polo Shirts Athletic Tank Tops Shirts,Royal Blue L",1,1,0,0,
22102031-Hot Pink-M,X004GZ3V3J,B0DNH9PKF2,"Casei Women's Sleeveless Golf Polo Shirts UPF 50+ Quick Dry Collared Polo Shirts Athletic Tank Tops Shirts,Hot Pink M",2,0,1,1,
22102031-Royal Blue-S,X0041RINTT,B0CNV61ZSY,"Casei Women's Sleeveless Golf Polo Shirts UPF 50+ Quick Dry Collared Polo Shirts Athletic Tank Tops Shirts,Royal Blue S",3,0,3,0,
22102031PE0104,X002Y4MP3L,B098NX2H5F,"Casei Women's Sleeveless Golf Polo Shirts UPF 50+ Quick Dry Collared Polo Shirts Athletic Tank Tops Shirts (Purple,M)",2,1,1,0,
22102031BE2208,X003232F01,B09K75WFLY,"Casei Women's Sleeveless Golf Polo Shirts UPF 50+ Quick Dry Collared Polo Shirts Athletic Tank Tops Shirts,Navy Blue 3XL",1,0,0,1,
22102031-Pure Wihte-S,X003E3XARL,B0BF4SBFBG,"Casei Women's Sleeveless Golf Polo Shirts UPF 50+ Quick Dry Collared Polo Shirts Athletic Tank Tops Shirts,Pure White S",8,0,6,2,
22102031BE2206,X00322XAZL,B09K76B1BX,"Casei Women's Sleeveless Golf Polo Shirts UPF 50+ Quick Dry Collared Polo Shirts Athletic Tank Tops Shirts,Navy Blue XL",2,0,2,0,
22102031-Royal Blue-3XL,X0041RIKO7,B0CNV6895Y,"Casei Women's Sleeveless Golf Polo Shirts UPF 50+ Quick Dry Collared Polo Shirts Athletic Tank Tops Shirts,Royal Blue 3XL",1,0,1,0,
22102031-Royal Blue-XL,X0041RIMJP,B0CNV64QJ9,"Casei Women's Sleeveless Golf Polo Shirts UPF 50+ Quick Dry Collared Polo Shirts Athletic Tank Tops Shirts,Royal Blue XL",3,1,2,0,
22102031WE0106,X00322YOW9,B09K769R2V,"Casei Women's Sleeveless Golf Polo Shirts UPF 50+ Quick Dry Collared Polo Shirts Athletic Tank Tops Shirts,White XL",3,0,2,1,
22102031PE0106,X002Y4LY0B,B098NVVFYR,"Casei Women's Sleeveless Golf Polo Shirts UPF 50+ Quick Dry Collared Polo Shirts Athletic Tank Tops Shirts (Purple,XL)",1,0,1,0,
22102031BE0107,X002Y4ED3V,B098NX5N8X,"Casei Women's Sleeveless Golf Polo Shirts UPF 50+ Quick Dry Collared Polo Shirts Athletic Tank Tops Shirts(Blue,3XL)",1,0,1,0,
22102031PK0103,X002Y4MP3V,B098NYMVWD,"Casei Women's Sleeveless Golf Polo Shirts UPF 50+ Quick Dry Collared Polo Shirts Athletic Tank Tops Shirts (Pink,S)",1,0,1,0,
22102031BE0103,X002Y4MP45,B098NX6Q48,"Casei Women's Sleeveless Golf Polo Shirts UPF 50+ Quick Dry Collared Polo Shirts Athletic Tank Tops Shirts (Blue,M)",3,0,2,1,
22102031-Pure Wihte-M,X003E3IIAZ,B0BF4PT4J6,"Casei Women's Sleeveless Golf Polo Shirts UPF 50+ Quick Dry Collared Polo Shirts Athletic Tank Tops Shirts,Pure White M",9,1,4,4,
22102031-Red-M,X0041RIKLZ,B0CNV6M9R2,"Casei Women's Sleeveless Golf Polo Shirts UPF 50+ Quick Dry Collared Polo Shirts Athletic Tank Tops Shirts,Red M",1,0,1,0,
22102031-Royal Blue-M,X0041RIO5H,B0CNV6Q995,"Casei Women's Sleeveless Golf Polo Shirts UPF 50+ Quick Dry Collared Polo Shirts Athletic Tank Tops Shirts,Royal Blue M",1,0,1,0,
22102031-Pure Wihte-XL,X003E3IHL5,B0BF5R33CJ,"Casei Women's Sleeveless Golf Polo Shirts UPF 50+ Quick Dry Collared Polo Shirts Athletic Tank Tops Shirts,Pure White XL",4,0,4,0,
22102031-Pure Wihte-L,X003E41Z9Z,B0BF52C329,"Casei Women's Sleeveless Golf Polo Shirts UPF 50+ Quick Dry Collared Polo Shirts Athletic Tank Tops Shirts,Pure White L",5,0,5,0,
22102031-Royal Blue-2XL,X0041RIKPL,B0CNV4MDLR,"Casei Women's Sleeveless Golf Polo Shirts UPF 50+ Quick Dry Collared Polo Shirts Athletic Tank Tops Shirts,Royal Blue 2XL",1,0,1,0,
22102031BK0106,X002Y4MP4F,B098NY946W,"Casei Women's Sleeveless Golf Polo Shirts UPF 50+ Quick Dry Collared Polo Shirts Athletic Tank Tops Shirts (Black,XL)",1,0,1,0,
22102031WE0107,X00322YOX3,B09K76HHJZ,"Casei Women's Sleeveless Golf Polo Shirts UPF 50+ Quick Dry Collared Polo Shirts Athletic Tank Tops Shirts,White 2XL",1,0,1,0,
22102031PE0105,X002Y4LXZH,B098NWFM92,"Casei Women's Sleeveless Golf Polo Shirts UPF 50+ Quick Dry Collared Polo Shirts Athletic Tank Tops Shirts (Purple,L)",4,1,3,0,
22102031-Hot Pink-L,X004GZ86V1,B0DNHF1W83,"Casei Women's Sleeveless Golf Polo Shirts UPF 50+ Quick Dry Collared Polo Shirts Athletic Tank Tops Shirts,Hot Pink L",4,0,4,0,
22102031PE0103,X002Y4R3UV,B098NWP66Z,"Casei Women's Sleeveless Golf Polo Shirts UPF 50+ Quick Dry Collared Polo Shirts Athletic Tank Tops Shirts (Purple,S)",2,1,1,0,
22102031-Red-S,X0041RNJJX,B0CNV6HCGX,"Casei Women's Sleeveless Golf Polo Shirts UPF 50+ Quick Dry Collared Polo Shirts Athletic Tank Tops Shirts,Red S",1,0,1,0,
22102031BK0105,X002Y4ED31,B098NZ3FW7,"Casei Women's Sleeveless Golf Polo Shirts UPF 50+ Quick Dry Collared Polo Shirts Athletic Tank Tops Shirts (Black,L)",3,0,3,0,
22102031BK0104,X002Y4ED2R,B098NW99KZ,"Casei Women's Sleeveless Golf Polo Shirts UPF 50+ Quick Dry Collared Polo Shirts Athletic Tank Tops Shirts (Black,M)",2,0,1,1,
22102031-Pure Wihte-3XL,X003E3V9QP,B0BF54LPXD,"Casei Women's Sleeveless Golf Polo Shirts UPF 50+ Quick Dry Collared Polo Shirts Athletic Tank Tops Shirts,Pure White 3XL",1,0,1,0,
22102031WE0103,X003232F15,B09K76W3JX,"Casei Women's Sleeveless Golf Polo Shirts UPF 50+ Quick Dry Collared Polo Shirts Athletic Tank Tops Shirts,White S",8,1,6,1,
22102031BE2203,X00322YOV5,B09K762568,"Casei Women's Sleeveless Golf Polo Shirts UPF 50+ Quick Dry Collared Polo Shirts Athletic Tank Tops Shirts,Navy Blue S",1,0,1,0,
22102031-Hot Pink-S,X004GZ87EH,B0DNHDHDDX,"Casei Women's Sleeveless Golf Polo Shirts UPF 50+ Quick Dry Collared Polo Shirts Athletic Tank Tops Shirts,Hot Pink S",1,0,1,0,
22102031BE2204,X00322XAZ1,B09K762BXL,"Casei Women's Sleeveless Golf Polo Shirts UPF 50+ Quick Dry Collared Polo Shirts Athletic Tank Tops Shirts,Navy Blue M",3,0,3,0,
22103031BK0103,X002Y4MO0Z,B098NZ79BQ,"Women's Golf Shirt Long Sleeve Polo Shirt UPF50+ Sun Protection Moisture Wicking Quick Dry Golf Polo Shirt?Black,S",23,0,20,3,
22103031BE0708,X003E3IG6L,B0BF4QYVWW,"Women's Golf Shirt Long Sleeve Polo Shirt UPF50+ Sun Protection Moisture Wicking Quick Dry Golf Polo Shirt?Navy Blue,3XL",1,0,1,0,
22103031WE0105,X002Y4LWWB,B098NZMWQ9,"Women's Golf Shirt Long Sleeve Polo Shirt UPF50+ Sun Protection Moisture Wicking Quick Dry Golf Polo Shirt?White,L",3,1,2,0,
22103031RD0205,X0036AN2O3,B09TK3LF2N,"Women's Long Sleeve Golf Shirt UPF50+ Sun Protection Moisture Wicking Sport Polo Shirt?Red,L",1,0,1,0,
22103031RD0204,X0036AN2JN,B09TK323KY,"Women's Long Sleeve Golf Shirt UPF50+ Sun Protection Moisture Wicking Sport Polo Shirt?Red,M",6,0,6,0,
22103031WE0106,X002Y4EBU1,B098P1VLKV,"Women's Golf Shirt Long Sleeve Polo Shirt UPF50+ Sun Protection Moisture Wicking Quick Dry Golf Polo Shirt?White,XL",10,0,10,0,
22103031WE0107,X002Y4R2NJ,B098NZSNG5,"Women's Golf Shirt Long Sleeve Polo Shirt UPF50+ Sun Protection Moisture Wicking Quick Dry Golf Polo Shirt?White,2XL",1,0,0,1,
22103031PK0508,X003E3V85R,B0BF4SKHP1,"Women's Golf Shirt Long Sleeve Polo Shirt UPF50+ Sun Protection Moisture Wicking Quick Dry Golf Polo Shirt?Light Pink,3XL",2,0,2,0,
22103031PK0505,X003E3XH4R,B0BF4PXCQD,"Women's Golf Shirt Long Sleeve Polo Shirt UPF50+ Sun Protection Moisture Wicking Quick Dry Golf Polo Shirt?Light Pink,L",1,0,0,1,
22103031BE0706,X003E3XGCF,B0BF4TYRBV,"Women's Golf Shirt Long Sleeve Polo Shirt UPF50+ Sun Protection Moisture Wicking Quick Dry Golf Polo Shirt?Navy Blue,XL",1,0,1,0,
22103031BE0208,X002Y4LWWV,B098P2Q2HM,"Women's Golf Shirt Long Sleeve Polo Shirt UPF50+ Sun Protection Moisture Wicking Quick Dry Golf Polo Shirt?Light Blue,3XL",1,1,0,0,
22103031BK0108,X002Y4R2NT,B098P1F97Z,"Women's Golf Shirt Long Sleeve Polo Shirt UPF50+ Sun Protection Moisture Wicking Quick Dry Golf Polo Shirt?Black,3XL",5,0,3,2,
22103031PK0506,X003E3IG9X,B0BF5FPTV2,"Women's Golf Shirt Long Sleeve Polo Shirt UPF50+ Sun Protection Moisture Wicking Quick Dry Golf Polo Shirt?Light Pink,XL",2,0,2,0,
22103031RD0203,X0036AN2JX,B09TK35SY7,"Women's Long Sleeve Golf Shirt UPF50+ Sun Protection Moisture Wicking Sport Polo Shirt?Red,S",2,1,1,0,
22103031BK0107,X002Y4EBUB,B098NYRMJB,"Women's Golf Shirt Long Sleeve Polo Shirt UPF50+ Sun Protection Moisture Wicking Quick Dry Golf Polo Shirt?Black,2XL",1,0,1,0,
22103031WE0108,X002Y4MO05,B098NZ4SVB,"Women's Golf Shirt Long Sleeve Polo Shirt UPF50+ Sun Protection Moisture Wicking Quick Dry Golf Polo Shirt?White,3XL",2,0,1,1,
22103031BE0205,X002Y4EBUL,B098P1HJPF,"Women's Golf Shirt Long Sleeve Polo Shirt UPF50+ Sun Protection Moisture Wicking Quick Dry Golf Polo Shirt?Light Blue,L",7,0,7,0,
22103031BE0703,X003E3XGAR,B0BF4SB48S,"Women's Golf Shirt Long Sleeve Polo Shirt UPF50+ Sun Protection Moisture Wicking Quick Dry Golf Polo Shirt?Navy Blue,S",1,0,1,0,
22103031-Royal Blue07,X0041S418Z,B0CNVSDNTD,"Long Sleeve Polo Shirts for Women UPF 50+ UV Protection Outdoor Hiking Fishing Running Lightweight Quick Dry T Shirt for Golf(Royal Blue,2XL)",1,0,0,1,
22103031-Lilac05,X004HB3HDB,B0DP3Y2M6D,"Women's Polo Shirts Breathable UV Sun Protection Shirts Athletic Workout T Shirts Long Sleeve Collared Golf Top Shirts(Lilac,L)",1,0,1,0,
22103031BE0203,X002Y4MO0F,B098NYQSK8,"Women's Golf Shirt Long Sleeve Polo Shirt UPF50+ Sun Protection Moisture Wicking Quick Dry Golf Polo Shirt?Light Blue,S",7,0,7,0,
22103031BE0207,X002Y4R2OD,B098NYCN5P,"Women's Golf Shirt Long Sleeve Polo Shirt UPF50+ Sun Protection Moisture Wicking Quick Dry Golf Polo Shirt?Light Blue,2XL",5,0,5,0,
22103031BK0105,X002Y4EBV5,B098P19FRM,"Women's Golf Shirt Long Sleeve Polo Shirt UPF50+ Sun Protection Moisture Wicking Quick Dry Golf Polo Shirt?Black,L",43,3,40,0,
22103031BK0104,X002Y4EBUV,B098NZKPTZ,"Women's Golf Shirt Long Sleeve Polo Shirt UPF50+ Sun Protection Moisture Wicking Quick Dry Golf Polo Shirt?Black,M",35,7,25,3,
22103031WE0103,X002Y4MO0P,B098P11BY1,"Women's Golf Shirt Long Sleeve Polo Shirt UPF50+ Sun Protection Moisture Wicking Quick Dry Golf Polo Shirt?White,S",11,0,11,0,
22103031WE0104,X002Y4LWW1,B098P1CD4D,"Women's Golf Shirt Long Sleeve Polo Shirt UPF50+ Sun Protection Moisture Wicking Quick Dry Golf Polo Shirt?White,M",25,0,25,0,
22103031PK0503,X003E3V893,B0BF4T48RL,"Women's Golf Shirt Long Sleeve Polo Shirt UPF50+ Sun Protection Moisture Wicking Quick Dry Golf Polo Shirt?Light Pink,S",2,0,2,0,
22103031BK0106,X002Y4MO19,B098P2N98S,"Women's Golf Shirt Long Sleeve Polo Shirt UPF50+ Sun Protection Moisture Wicking Quick Dry Golf Polo Shirt?Black,XL",21,0,21,0,
Amazon.Found.B098P1VLKV,B098P1VLKV,B098P1VLKV,"Women's Golf Shirt Long Sleeve Polo Shirt UPF50+ Sun Protection Moisture Wicking Quick Dry Golf Polo Shirt?White,XL",1,0,0,1,
C22210420-Lilac05,X004H95FJ7,B0DP24495M,"Women's Polo Shirt 3/4 Sleeve Golf Quick Dry T Shirts UPF 50+ Athletic Casual Work Shirts Tops for Women(Lilac,L)",2,0,2,0,
C22210420-Blue Flowers08,X003YIHBLR,B0CHJ56Z5W,"Women's Polo Golf Shirt 3/4 Length Long Sleeve Work Quick Dry UPF 50+ Protection Athletic Casual Collared T Shirts for Women(Blue Flowers,3XL)",3,0,3,0,
C22210420BE0203,X003EH1C6D,B0BG1N1ZXT,"Women's Polo Shirt 3/4 Sleeve Golf Quick Dry T Shirts UPF 50+ Athletic Casual Work Shirts Tops for Women(Light Blue,S)",1,0,1,0,
C22210420-Blue Flowers06,X003YIFM7H,B0CHJ6W6N7,"Women's Polo Golf Shirt 3/4 Length Long Sleeve Work Quick Dry UPF 50+ Protection Athletic Casual Collared T Shirts for Women(Blue Flowers,XL)",2,0,2,0,
C22210420BE0204,X003EH5C9V,B0BG1NQ6S3,"Women's Polo Shirt 3/4 Sleeve Golf Quick Dry T Shirts UPF 50+ Athletic Casual Work Shirts Tops for Women(Light Blue,M)",2,1,1,0,
C125040259-Light Khaki-XL-25,X004D5V2QF,B0DDPBKSWK,"Casei Wide Leg Cropped Pants for Women with Cargo Pockets Fleece Lined High Waist Sweatpants for Yoga Work Petite/Regular,25"" Inseam Light Khaki XL",1,0,1,0,
C22210420BE2203,X003R0TENZ,B0BYHH1754,"Women's Polo Golf Shirt 3/4 Length Long Sleeve Work Quick Dry UPF 50+ Protection Athletic Casual Collared T Shirts for Women(Navy Blue,S)",9,0,9,0,
C22210420-Blackish Green06,X0045FDD2T,B0CWRN65DN,"Women's Polo Shirt 3/4 Sleeve Golf Quick Dry T Shirts UPF 50+ Athletic Casual Work Summer Shirts Tops for Women(Blackish Green,XL)",3,1,2,0,
C22210420BE2207,X003R0KIZN,B0BYH6CN5Q,"Women's Polo Golf Shirt 3/4 Length Long Sleeve Work Quick Dry UPF 50+ Protection Athletic Casual Collared T Shirts for Women(Navy Blue,2XL)",12,1,11,0,
C22210420-Lilac04,X004H95GU5,B0DP24BF8X,"Women's Polo Shirt 3/4 Sleeve Golf Quick Dry T Shirts UPF 50+ Athletic Casual Work Shirts Tops for Women(Lilac,M)",5,0,4,1,
C22210420-Blue Flowers07,X003YIHDFV,B0CHJBNBZF,"Women's Polo Golf Shirt 3/4 Length Long Sleeve Work Quick Dry UPF 50+ Protection Athletic Casual Collared T Shirts for Women(Blue Flowers,2XL)",1,0,1,0,
C22210420-Green Plaid04,X003YIFMRR,B0CHJ8XHM4,"Women's Polo Golf Shirt 3/4 Length Long Sleeve Work Quick Dry UPF 50+ Protection Athletic Casual Collared T Shirts for Women(Green Plaid,M)",1,1,0,0,
C22210420-Lilac06,X004H926H1,B0DP24YH99,"Women's Polo Shirt 3/4 Sleeve Golf Quick Dry T Shirts UPF 50+ Athletic Casual Work Shirts Tops for Women(Lilac,XL)",1,0,1,0,
C22210420-Pink Flowers05,X003YIHG3Z,B0CHJ96S5V,"Women's Polo Golf Shirt 3/4 Length Long Sleeve Work Quick Dry UPF 50+ Protection Athletic Casual Collared T Shirts for Women(Pink Flowers,L)",7,1,6,0,
C22210420-Rose Red 03,X004GZ1ZO1,B0DNHQ9QVV,"Women's Polo Shirt 3/4 Sleeve Golf Quick Dry T Shirts UPF 50+ Athletic Casual Work Shirts Tops for Women(Rose Red,S)",1,0,1,0,
C22210420-Blue Flowers03,X003YIHDZB,B0CHJ61626,"Women's Polo Golf Shirt 3/4 Length Long Sleeve Work Quick Dry UPF 50+ Protection Athletic Casual Collared T Shirts for Women(Blue Flowers,S)",2,0,2,0,
C22210420-Rose Red 04,X004GZ5T6L,B0DNHNZDKN,"Women's Polo Shirt 3/4 Sleeve Golf Quick Dry T Shirts UPF 50+ Athletic Casual Work Shirts Tops for Women(Rose Red,M)",7,0,5,2,
C22210420-Beige Leopard Flowers03,X003YIHCCF,B0CHJ9BZJL,"Women's Polo Golf Shirt 3/4 Length Long Sleeve Work Quick Dry UPF 50+ Protection Athletic Casual Collared T Shirts for Women(Beige Leopard Flowers,S)",1,0,1,0,
C22210420-Blue Flowers04,X003YIFMBX,B0CHJ7K521,"Women's Polo Golf Shirt 3/4 Length Long Sleeve Work Quick Dry UPF 50+ Protection Athletic Casual Collared T Shirts for Women(Blue Flowers,M)",29,1,28,0,
C22210420-Blackish Green05,X0045FDFPT,B0CWRMXM6L,"Women's Polo Shirt 3/4 Sleeve Golf Quick Dry T Shirts UPF 50+ Athletic Casual Work Summer Shirts Tops for Women(Blackish Green,L)",1,0,1,0,
C22210420-Rose Red 05,X004GZBESD,B0DNHNZZWC,"Women's Polo Shirt 3/4 Sleeve Golf Quick Dry T Shirts UPF 50+ Athletic Casual Work Shirts Tops for Women(Rose Red,L)",1,0,1,0,
C22210420-Green Plaid06,X003YIMAIB,B0CHJ81L31,"Women's Polo Golf Shirt 3/4 Length Long Sleeve Work Quick Dry UPF 50+ Protection Athletic Casual Collared T Shirts for Women(Green Plaid,XL)",1,1,0,0,
C22210420BE2205,X003R0KIX5,B0BYH9QRTL,"Women's Polo Golf Shirt 3/4 Length Long Sleeve Work Quick Dry UPF 50+ Protection Athletic Casual Collared T Shirts for Women(Navy Blue,L)",2,0,2,0,
C22210420-Pink Flowers03,X003YIHC93,B0CHJ98SPB,"Women's Polo Golf Shirt 3/4 Length Long Sleeve Work Quick Dry UPF 50+ Protection Athletic Casual Collared T Shirts for Women(Pink Flowers,S)",4,0,4,0,
C22210420-Blue Flowers05,X003YIHC3J,B0CHJ9LWX3,"Women's Polo Golf Shirt 3/4 Length Long Sleeve Work Quick Dry UPF 50+ Protection Athletic Casual Collared T Shirts for Women(Blue Flowers,L)",4,0,4,0,
C22210420BE2204,X003R0TEN5,B0BYHFW5H4,"Women's Polo Golf Shirt 3/4 Length Long Sleeve Work Quick Dry UPF 50+ Protection Athletic Casual Collared T Shirts for Women(Navy Blue,M)",7,1,3,3,
C22210420BE2208,X003R0SLJN,B0BYHG9F67,"Women's Polo Golf Shirt 3/4 Length Long Sleeve Work Quick Dry UPF 50+ Protection Athletic Casual Collared T Shirts for Women(Navy Blue,3XL)",3,0,2,1,
C22210420BE2206,X003R0SLM5,B0BYHD6Y3F,"Women's Polo Golf Shirt 3/4 Length Long Sleeve Work Quick Dry UPF 50+ Protection Athletic Casual Collared T Shirts for Women(Navy Blue,XL)",4,1,3,0,
C22210420-Blackish Green04,X0045F2VX1,B0CWR1M8NL,"Women's Polo Shirt 3/4 Sleeve Golf Quick Dry T Shirts UPF 50+ Athletic Casual Work Summer Shirts Tops for Women(Blackish Green,M)",2,0,2,0,
C22210420-Rose Red 06,X004GZ5H9P,B0DNHRFFKB,"Women's Polo Shirt 3/4 Sleeve Golf Quick Dry T Shirts UPF 50+ Athletic Casual Work Shirts Tops for Women(Rose Red,XL)",1,0,1,0,
C22210420-Green Plaid05,X003YIFMYZ,B0CHJ82NMF,"Women's Polo Golf Shirt 3/4 Length Long Sleeve Work Quick Dry UPF 50+ Protection Athletic Casual Collared T Shirts for Women(Green Plaid,L)",1,1,0,0,
C22210420BK0103,X003EH1C4Z,B0BG1JDRLY,"Women's Polo Shirt 3/4 Sleeve Golf Quick Dry T Shirts UPF 50+ Athletic Casual Work Shirts Tops for Women(Black,S)",33,0,32,1,
C22210420WE0103,X003EHECEH,B0BG1L3R59,"Women's Polo Shirt 3/4 Sleeve Golf Quick Dry T Shirts UPF 50+ Athletic Casual Work Shirts Tops for Women(White,S)",3,0,3,0,
C22210420BK0105,X003EH1C1X,B0BG1JDT9H,"Women's Polo Shirt 3/4 Sleeve Golf Quick Dry T Shirts UPF 50+ Athletic Casual Work Shirts Tops for Women(Black,L)",63,1,62,0,
C22210420RD0105,X003EH1C59,B0BG1SCPDR,"Women's Polo Shirt 3/4 Sleeve Golf Quick Dry T Shirts UPF 50+ Athletic Casual Work Shirts Tops for Women(Red,L)",13,1,2,10,
C22210420BK0104,X003EH1C27,B0BG1JY826,"Women's Polo Shirt 3/4 Sleeve Golf Quick Dry T Shirts UPF 50+ Athletic Casual Work Shirts Tops for Women(Black,M)",14,3,10,1,
C22210420WE0105,X003EH5C9L,B0BG1LDJ3C,"Women's Polo Shirt 3/4 Sleeve Golf Quick Dry T Shirts UPF 50+ Athletic Casual Work Shirts Tops for Women(White,L)",37,0,37,0,
C22210420BK0108,X003EHECID,B0BG1LN54H,"Women's Polo Shirt 3/4 Sleeve Golf Quick Dry T Shirts UPF 50+ Athletic Casual Work Shirts Tops for Women(Black,3XL)",7,0,6,1,
C22210420GY0403,X003EHECBZ,B0BG1LN6HM,"Women's Polo Shirt 3/4 Sleeve Golf Quick Dry T Shirts UPF 50+ Athletic Casual Work Shirts Tops for Women(Light Ash,S)",1,0,1,0,
C22210420GY0404,X003EHECC9,B0BG1LK9YL,"Women's Polo Shirt 3/4 Sleeve Golf Quick Dry T Shirts UPF 50+ Athletic Casual Work Shirts Tops for Women(Light Ash,M)",4,0,4,0,
C22210420RD0103,X003EH5C87,B0BG1JCMNX,"Women's Polo Shirt 3/4 Sleeve Golf Quick Dry T Shirts UPF 50+ Athletic Casual Work Shirts Tops for Women(Red,S)",1,0,1,0,
C22210420RD0106,X003EHECIX,B0BG1MZ93C,"Women's Polo Shirt 3/4 Sleeve Golf Quick Dry T Shirts UPF 50+ Athletic Casual Work Shirts Tops for Women(Red,XL)",1,0,1,0,
C22210420WE0108,X003EH1C4F,B0BG244NBF,"Women's Polo Shirt 3/4 Sleeve Golf Quick Dry T Shirts UPF 50+ Athletic Casual Work Shirts Tops for Women(White,3XL)",1,0,1,0,
C22210420BK0107,X003EHECER,B0BG1LK3F6,"Women's Polo Shirt 3/4 Sleeve Golf Quick Dry T Shirts UPF 50+ Athletic Casual Work Shirts Tops for Women(Black,2XL)",7,1,5,1,
C22210420RD0108,X003EHECHT,B0BG2JD2RM,"Women's Polo Shirt 3/4 Sleeve Golf Quick Dry T Shirts UPF 50+ Athletic Casual Work Shirts Tops for Women(Red,3XL)",2,0,2,0,
C22210420WE0106,X003EH5CA5,B0BG1KFKZ3,"Women's Polo Shirt 3/4 Sleeve Golf Quick Dry T Shirts UPF 50+ Athletic Casual Work Shirts Tops for Women(White,XL)",24,0,22,2,
C22210420WE0107,X003EH1C31,B0BG1NMLLT,"Women's Polo Shirt 3/4 Sleeve Golf Quick Dry T Shirts UPF 50+ Athletic Casual Work Shirts Tops for Women(White,2XL)",19,0,19,0,
C22210420BK0106,X003EH1C8V,B0BG1LPZZG,"Women's Polo Shirt 3/4 Sleeve Golf Quick Dry T Shirts UPF 50+ Athletic Casual Work Shirts Tops for Women(Black,XL)",7,1,4,2,
C22210420RD0107,X003EHECI3,B0BG1QRC5M,"Women's Polo Shirt 3/4 Sleeve Golf Quick Dry T Shirts UPF 50+ Athletic Casual Work Shirts Tops for Women(Red,2XL)",3,0,3,0,
C22210420WE0104,X003EHECGP,B0BG1LKQ23,"Women's Polo Shirt 3/4 Sleeve Golf Quick Dry T Shirts UPF 50+ Athletic Casual Work Shirts Tops for Women(White,M)",21,1,17,3,
C22210420RD0104,X003EHECFL,B0BG1J6NL8,"Women's Polo Shirt 3/4 Sleeve Golf Quick Dry T Shirts UPF 50+ Athletic Casual Work Shirts Tops for Women(Red,M)",2,1,1,0,
C22210420GY0406,X003EHECIN,B0BG1NLSTL,"Women's Polo Shirt 3/4 Sleeve Golf Quick Dry T Shirts UPF 50+ Athletic Casual Work Shirts Tops for Women(Light Ash,XL)",6,1,5,0,
C22230114GY0704,X003G8QPDF,B0BKK91TN9,"Cargo Pants Women Baggy Hiking Casual Cotton Military Tactical Army Combat Work Pants with 7 Pockets,Dark Gray M",2,0,1,1,
C22230114GN0206,X003G8MU4N,B0BKKFKWF7,"Cargo Pants Women Baggy Hiking Casual Cotton Military Tactical Army Combat Work Pants with 7 Pockets,Army Green XL",2,1,1,0,
C22230114GN0204,X003G8P36P,B0BKKY8WHL,"Cargo Pants Women Baggy Hiking Casual Cotton Military Tactical Army Combat Work Pants with 7 Pockets,Army Green M",1,0,0,1,
C22230114-Camo Green06,X003PLMU2X,B0BV8CPFSV,"Cargo Pants Women Baggy Hiking Casual Cotton Military Tactical Army Combat Work Pants with 7 Pockets,Camo Green XL",2,0,2,0,
C22230114GN0205,X003G8QR3N,B0BKK2TLCR,"Cargo Pants Women Baggy Hiking Casual Cotton Military Tactical Army Combat Work Pants with 7 Pockets,Army Green L",3,0,3,0,
C22230102-Purple Gray-L,X0040UHHR1,B0CM5M3QTH,"Women's Hiking Cargo Pants Joggers Cotton Casual Military Army Combat Work Pants with 7 Pockets,Purple Gray L",1,1,0,0,
C22230102-Green-3XL,X003UTG8OB,B0C7T448VX,"Women's Hiking Cargo Pants Joggers Cotton Casual Military Army Combat Work Pants with 7 Pockets,Green 3XL",4,0,4,0,
C22230114YW0603,X003G8QCMT,B0BKJJR2L1,"Cargo Pants Women Baggy Hiking Casual Cotton Military Tactical Army Combat Work Pants with 7 Pockets,Khaki S",1,0,1,0,
C22230114YW0604,X003G855XV,B0BKKF6HG9,"Cargo Pants Women Baggy Hiking Casual Cotton Military Tactical Army Combat Work Pants with 7 Pockets,Khaki M",1,0,1,0,
C22230114-Camo Green04,X003PLMXN9,B0BV9KNXQ5,"Cargo Pants Women Baggy Hiking Casual Cotton Military Tactical Army Combat Work Pants with 7 Pockets,Camo Green M",2,0,2,0,
C22230114GY0705,X003G8QCKB,B0BKJVPT61,"Cargo Pants Women Baggy Hiking Casual Cotton Military Tactical Army Combat Work Pants with 7 Pockets,Dark Gray L",1,0,1,0,
C22230102-Creamy Whit-XL,X003TAUW61,B0C4GWGJ3Z,"Women's Hiking Cargo Pants Joggers Cotton Casual Military Army Combat Work Pants with 7 Pocket,Creamy White XL",1,0,1,0,
C22230114GN0203,X003G8QQDJ,B0BKKPT4TH,"Cargo Pants Women Baggy Hiking Casual Cotton Military Tactical Army Combat Work Pants with 7 Pockets,Army Green S",1,0,1,0,
C22310127GN0208,X003QQ30MB,B0BXRX1HK4,"Yoga Flare Leggings for Women High Waisted Yoga Casual Pants Workout Leggings Cargo with 6 Pockets Bootcut Pants,Army Green 3XL",5,0,4,1,
C22310127BK0106,X003QQ5ALZ,B0BXRXX321,"Yoga Flare Leggings for Women High Waisted Yoga Casual Pants Workout Leggings Cargo with 6 Pockets Bootcut Pants,Black XL",184,9,172,3,
C22310127-Royal Blue04,X004GZFMH7,B0DNJNDD3Y,"Yoga Flare Leggings for Women High Waisted Yoga Casual Pants Workout Leggings Cargo with 6 Pockets Bootcut Pants,Royal Blue M",3,0,3,0,
C22310127-Heather Grey08,X0048ON4U3,B0D46VRCXB,"Yoga Flare Leggings for Women High Waisted Yoga Casual Pants Workout Leggings Cargo with 6 Pockets Bootcut Pants,Heather Grey 3XL",1,0,0,1,
C22310127-Heather Grey05,X0048OW8JB,B0D46VN642,"Yoga Flare Leggings for Women High Waisted Yoga Casual Pants Workout Leggings Cargo with 6 Pockets Bootcut Pants,Heather Grey L",10,1,2,7,
C22310127GN0207,X003QQ30N5,B0BXRVQVX3,"Yoga Flare Leggings for Women High Waisted Yoga Casual Pants Workout Leggings Cargo with 6 Pockets Bootcut Pants,Army Green 2XL",6,0,6,0,
C22310127-Khaki tan04,X004PLO5SJ,B0FC1HMZ4M,"Yoga Flare Leggings for Women High Waisted Yoga Casual Pants Workout Leggings Cargo with 6 Pockets Bootcut Pants,Khaki tan M",2,1,1,0,
C22310127GY0708,X003QQ5AU1,B0BXRSKM49,"Yoga Flare Leggings for Women High Waisted Yoga Casual Pants Workout Leggings Cargo with 6 Pockets Bootcut Pants,Dark Gray 3XL",3,1,2,0,
C22310127BK0105,X003QQ2Z2H,B0BXRXY5HG,"Yoga Flare Leggings for Women High Waisted Yoga Casual Pants Workout Leggings Cargo with 6 Pockets Bootcut Pants,Black L",109,5,100,4,
C22310127-Khaki06,X003ZYS2PT,B0CKZ1DMZ6,"Yoga Flare Leggings for Women High Waisted Yoga Casual Pants Workout Leggings Cargo with 6 Pockets Bootcut Pants,Khaki XL",17,1,16,0,
C22310127GN0204,X003QQ5B23,B0BXRX85DL,"Yoga Flare Leggings for Women High Waisted Yoga Casual Pants Workout Leggings Cargo with 6 Pockets Bootcut Pants,Army Green M",4,1,2,1,
C22310127GY0707,X003QQ30IF,B0BXRX8NL7,"Yoga Flare Leggings for Women High Waisted Yoga Casual Pants Workout Leggings Cargo with 6 Pockets Bootcut Pants,Dark Gray 2XL",13,0,13,0,
C22310127-Dark Blue06,X003VONDRP,B0C9ZP6QNY,"Yoga Flare Leggings for Women High Waisted Yoga Casual Pants Workout Leggings Cargo with 6 Pockets Bootcut Pants,Dark Blue XL",32,0,32,0,
C22310127GY0704,X003QQ2ZEP,B0BXRXWT8W,"Yoga Flare Leggings for Women High Waisted Yoga Casual Pants Workout Leggings Cargo with 6 Pockets Bootcut Pants,Dark Gray M",65,2,62,1,
C22310127-Brown07,X003VOSAJ1,B0C9ZQNQL9,"Yoga Flare Leggings for Women High Waisted Yoga Casual Pants Workout Leggings Cargo with 6 Pockets Bootcut Pants,Brown 2XL",12,0,12,0,
C22310127-Heather Grey06,X0048OW84B,B0D46S3716,"Yoga Flare Leggings for Women High Waisted Yoga Casual Pants Workout Leggings Cargo with 6 Pockets Bootcut Pants,Heather Grey XL",15,0,1,14,
C22310127-Dark Blue05,X003VOJ1Q7,B0C9ZP36H7,"Yoga Flare Leggings for Women High Waisted Yoga Casual Pants Workout Leggings Cargo with 6 Pockets Bootcut Pants,Dark Blue L",18,5,13,0,
C22310127-Dark Blue04,X003VOM2RH,B0C9ZNPN5H,"Yoga Flare Leggings for Women High Waisted Yoga Casual Pants Workout Leggings Cargo with 6 Pockets Bootcut Pants,Dark Blue M",17,0,16,1,
C22310127-Dark Blue07,X003VOSA55,B0C9ZR38QW,"Yoga Flare Leggings for Women High Waisted Yoga Casual Pants Workout Leggings Cargo with 6 Pockets Bootcut Pants,Dark Blue 2XL",8,0,8,0,
C22310127-Khaki04,X003ZYPQO9,B0CKYZXM8Q,"Yoga Flare Leggings for Women High Waisted Yoga Casual Pants Workout Leggings Cargo with 6 Pockets Bootcut Pants,Khaki M",6,1,5,0,
C22310127-Khaki05,X003ZYVGYN,B0CKZ1XN6H,"Yoga Flare Leggings for Women High Waisted Yoga Casual Pants Workout Leggings Cargo with 6 Pockets Bootcut Pants,Khaki L",13,1,11,1,
C22310127-Blue07,X0041VPX3J,B0CP27D1ZB,"Yoga Flare Leggings for Women High Waisted Yoga Casual Pants Workout Leggings Cargo with 6 Pockets Bootcut Pants,Blue 2XL",1,0,1,0,
C22310127BK0103,X003QQ2Z5J,B0BXRX2Q4M,"Yoga Flare Leggings for Women High Waisted Yoga Casual Pants Workout Leggings Cargo with 6 Pockets Bootcut Pants,Black S",63,1,60,2,
C22310127BK0107,X003QQ2Z1D,B0BXRX7F3T,"Yoga Flare Leggings for Women High Waisted Yoga Casual Pants Workout Leggings Cargo with 6 Pockets Bootcut Pants,Black 2XL",106,4,98,4,
C22310127-Brown06,X003VOJ18Z,B0C9ZQQTNM,"Yoga Flare Leggings for Women High Waisted Yoga Casual Pants Workout Leggings Cargo with 6 Pockets Bootcut Pants,Brown XL",32,0,32,0,
C22310127GY0703,X003QQ5BEL,B0BXRY1Y2W,"Yoga Flare Leggings for Women High Waisted Yoga Casual Pants Workout Leggings Cargo with 6 Pockets Bootcut Pants,Dark Gray S",17,0,17,0,
C22310127BK0104,X003QQ5BJ1,B0BXRVJ2TZ,"Yoga Flare Leggings for Women High Waisted Yoga Casual Pants Workout Leggings Cargo with 6 Pockets Bootcut Pants,Black M",148,2,139,7,
C22310127-Royal Blue07,X004GZIRKB,B0DNJN3G3Y,"Yoga Flare Leggings for Women High Waisted Yoga Casual Pants Workout Leggings Cargo with 6 Pockets Bootcut Pants,Royal Blue 2XL",1,0,1,0,
C22310127-Royal Blue06,X004GZSHER,B0DNJNSFN7,"Yoga Flare Leggings for Women High Waisted Yoga Casual Pants Workout Leggings Cargo with 6 Pockets Bootcut Pants,Royal Blue XL",23,0,23,0,
C22310127-Royal Blue05,X004GZNJ8B,B0DNJNZPGZ,"Yoga Flare Leggings for Women High Waisted Yoga Casual Pants Workout Leggings Cargo with 6 Pockets Bootcut Pants,Royal Blue L",7,0,7,0,
C22310127-Dark Blue08,X003VOSPVT,B0C9ZPNW4M,"Yoga Flare Leggings for Women High Waisted Yoga Casual Pants Workout Leggings Cargo with 6 Pockets Bootcut Pants,Dark Blue 3XL",31,0,31,0,
C22310127-Blue05,X0041VPX11,B0CP28GGM6,"Yoga Flare Leggings for Women High Waisted Yoga Casual Pants Workout Leggings Cargo with 6 Pockets Bootcut Pants,Blue L",4,1,2,1,
C22310127-Royal Blue03,X004GZN6ED,B0DNJNCZQG,"Yoga Flare Leggings for Women High Waisted Yoga Casual Pants Workout Leggings Cargo with 6 Pockets Bootcut Pants,Royal Blue S",10,2,8,0,
C22310127-Royal Blue08,X004GZNJYF,B0DNJKZ1DM,"Yoga Flare Leggings for Women High Waisted Yoga Casual Pants Workout Leggings Cargo with 6 Pockets Bootcut Pants,Royal Blue 3XL",20,1,19,0,
C22310127-Taupe05,X0043QYILF,B0CSFTH6WS,"Yoga Flare Leggings for Women High Waisted Yoga Casual Pants Workout Leggings Cargo with 6 Pockets Bootcut Pants,Taupe L",3,2,1,0,
C22310127-Purple Pink03,X0043QYKLD,B0CSFWN29X,"Yoga Flare Leggings for Women High Waisted Yoga Casual Pants Workout Leggings Cargo with 6 Pockets Bootcut Pants,Purple Pink S",2,0,2,0,
C22310127-Dark Blue03,X003VOS9YR,B0C9ZN9FQS,"Yoga Flare Leggings for Women High Waisted Yoga Casual Pants Workout Leggings Cargo with 6 Pockets Bootcut Pants,Dark Blue S",15,0,15,0,
C22310127-Heather Grey04,X0048ON5R5,B0D46VBR7B,"Yoga Flare Leggings for Women High Waisted Yoga Casual Pants Workout Leggings Cargo with 6 Pockets Bootcut Pants,Heather Grey M",16,1,2,13,
C22310127-Khaki tan05,X004PLLNJ3,B0FC1RQSZR,"Yoga Flare Leggings for Women High Waisted Yoga Casual Pants Workout Leggings Cargo with 6 Pockets Bootcut Pants,Khaki tan L",3,0,2,1,
C22310127-Purple Pink08,X0043QWG9B,B0CSFTGM63,"Yoga Flare Leggings for Women High Waisted Yoga Casual Pants Workout Leggings Cargo with 6 Pockets Bootcut Pants,Purple Pink 3XL",1,0,1,0,
C22310127GN0206,X003QQ30J9,B0BXRW96XG,"Yoga Flare Leggings for Women High Waisted Yoga Casual Pants Workout Leggings Cargo with 6 Pockets Bootcut Pants,Army Green XL",4,0,4,0,
C22310127-Khaki tan03,X004PLLOH9,B0FC1MGXNT,"Yoga Flare Leggings for Women High Waisted Yoga Casual Pants Workout Leggings Cargo with 6 Pockets Bootcut Pants,Khaki tan S",1,0,1,0,
C22310127GY0706,X003QQ5BD7,B0BXRYVXPK,"Yoga Flare Leggings for Women High Waisted Yoga Casual Pants Workout Leggings Cargo with 6 Pockets Bootcut Pants,Dark Gray XL",21,2,19,0,
C22310127-Khaki03,X003ZYPQDP,B0CKZ3DT7Z,"Yoga Flare Leggings for Women High Waisted Yoga Casual Pants Workout Leggings Cargo with 6 Pockets Bootcut Pants,Khaki S",7,0,7,0,
C22310127-Blue03,X0041VPWXP,B0CP2797D4,"Yoga Flare Leggings for Women High Waisted Yoga Casual Pants Workout Leggings Cargo with 6 Pockets Bootcut Pants,Blue S",3,0,2,1,
C22310127-Purple Pink04,X0043QQYOJ,B0CSFTRK1S,"Yoga Flare Leggings for Women High Waisted Yoga Casual Pants Workout Leggings Cargo with 6 Pockets Bootcut Pants,Purple Pink M",4,1,2,1,
C22310127-Taupe04,X0043QQY1R,B0CSFTHDV4,"Yoga Flare Leggings for Women High Waisted Yoga Casual Pants Workout Leggings Cargo with 6 Pockets Bootcut Pants,Taupe M",5,0,5,0,
C22310127-Brown05,X003VONFDR,B0C9ZRDL7B,"Yoga Flare Leggings for Women High Waisted Yoga Casual Pants Workout Leggings Cargo with 6 Pockets Bootcut Pants,Brown L",15,0,15,0,
C22310127BK0102,X004QHRPL1,B0FF9DBJ24,"Yoga Flare Leggings for Women High Waisted Yoga Casual Pants Workout Leggings Cargo with 6 Pockets Bootcut Pants,Black XS",2,1,1,0,
C22310127GN0205,X003QQ30NP,B0BXRY65HV,"Yoga Flare Leggings for Women High Waisted Yoga Casual Pants Workout Leggings Cargo with 6 Pockets Bootcut Pants,Army Green L",44,0,44,0,
C22310127-Brown04,X003VONDDJ,B0C9ZPF7ZV,"Yoga Flare Leggings for Women High Waisted Yoga Casual Pants Workout Leggings Cargo with 6 Pockets Bootcut Pants,Brown M",18,0,18,0,
C22310127GY0705,X003QQ5BCD,B0BXRWWXHZ,"Yoga Flare Leggings for Women High Waisted Yoga Casual Pants Workout Leggings Cargo with 6 Pockets Bootcut Pants,Dark Gray L",19,2,17,0,
C22310127-Heather Grey07,X0048OW9R7,B0D46X6356,"Yoga Flare Leggings for Women High Waisted Yoga Casual Pants Workout Leggings Cargo with 6 Pockets Bootcut Pants,Heather Grey 2XL",1,0,1,0,
C22310127-Khaki tan08,X004PLI6Y3,B0FC1NF9LX,"Yoga Flare Leggings for Women High Waisted Yoga Casual Pants Workout Leggings Cargo with 6 Pockets Bootcut Pants,Khaki tan 3XL",3,0,2,1,
C22310127BK0108,X003QQ30VR,B0BXRW7FJS,"Yoga Flare Leggings for Women High Waisted Yoga Casual Pants Workout Leggings Cargo with 6 Pockets Bootcut Pants,Black 3XL",54,1,50,3,
C22310127-Khaki tan06,X004PLLLRR,B0FC21RZ7V,"Yoga Flare Leggings for Women High Waisted Yoga Casual Pants Workout Leggings Cargo with 6 Pockets Bootcut Pants,Khaki tan XL",2,0,1,1,
C22310127GN0203,X003QQ5AMT,B0BXRVF3S1,"Yoga Flare Leggings for Women High Waisted Yoga Casual Pants Workout Leggings Cargo with 6 Pockets Bootcut Pants,Army Green S",9,0,9,0,
C23020220-Black-M,X003Z1O48V,B0CJF31RKR,"Women's Fleece Lined Pants Flare Legging Water Resistant Hiking Running Crossover High Waisted Bootcut with 5 Pockets,Black M",2,0,1,1,
C23020220-Army Green-S,X003Z1PR6T,B0CJDSFSQ3,"Women's Fleece Lined Pants Flare Legging Water Resistant Hiking Running Crossover High Waisted Bootcut with 5 Pockets,Army Green S",23,0,0,23,
C24020205-Dark Gray05,X003XYD0E9,B0CGKXB5M2,"Women's Fleece Lined Pants Cargo Flare Legging Yoga Thermal Warm Workout Crossover High Waisted Bootcut with 6 Pockets,Dark Gray L",2,0,1,1,
C23020218-Khaki03,X003WMEIYX,B0CCQZFLCH,"Women Cargo Joggers Pants High Waisted with 7 Pockets Work Casual Outdoor Y2K Cotton Sweatpants Elastic Waist Tactical Trouser(Khaki,S)",1,0,0,1,
C23020220-Army Green-2XL,X003Z1LU6Z,B0CJF33NPC,"Women's Fleece Lined Pants Flare Legging Water Resistant Hiking Running Crossover High Waisted Bootcut with 5 Pockets,Army Green 2XL",4,0,0,4,
C24020205-Black03,X003XY8E7H,B0CGL1742S,"Women's Fleece Lined Pants Cargo Flare Legging Yoga Thermal Warm Workout Crossover High Waisted Bootcut with 6 Pockets,Black S",8,0,7,1,
C23020220-Dark Blue-L,X0042BOHZN,B0CPPRPQ8T,"Women's Fleece Lined Pants Flare Legging Water Resistant Hiking Running Crossover High Waisted Bootcut with 5 Pockets,Dark Blue L",2,0,1,1,
C23020220-Army Green-L,X003Z14GA7,B0CJDX6PDK,"Women's Fleece Lined Pants Flare Legging Water Resistant Hiking Running Crossover High Waisted Bootcut with 5 Pockets,Army Green L",5,0,0,5,
C23020220-Khaki-XL,X003Z14GFR,B0CJDJ3586,"Women's Fleece Lined Pants Flare Legging Water Resistant Hiking Running Crossover High Waisted Bootcut with 5 Pockets,Khaki XL",1,0,0,1,
C23020220-Khaki-M,X003Z1O44F,B0CJDHVQ2R,"Women's Fleece Lined Pants Flare Legging Water Resistant Hiking Running Crossover High Waisted Bootcut with 5 Pockets,Khaki M",7,0,5,2,
C24020205-Khaki-M,X0042CR0X3,B0CPSNP4PF,"Women's Fleece Lined Pants Cargo Flare Legging Yoga Thermal Warm Workout Crossover High Waisted Bootcut with 6 Pockets,Khaki M",4,1,3,0,
C23020220-Army Green-M,X003Z14FIP,B0CJDNBLFN,"Women's Fleece Lined Pants Flare Legging Water Resistant Hiking Running Crossover High Waisted Bootcut with 5 Pockets,Army Green M",1,0,0,1,
C24020205-Black08,X003XY8E6D,B0CGKXD8XP,"Women's Fleece Lined Pants Cargo Flare Legging Yoga Thermal Warm Workout Crossover High Waisted Bootcut with 6 Pockets,Black 3XL",1,1,0,0,
C23020220-Black-L,X003Z1O3ZZ,B0CJF5BC21,"Women's Fleece Lined Pants Flare Legging Water Resistant Hiking Running Crossover High Waisted Bootcut with 5 Pockets,Black L",9,0,8,1,
C24020205-Army Green04,X003XY8HVZ,B0CGKZT1SP,"Women's Fleece Lined Pants Cargo Flare Legging Yoga Thermal Warm Workout Crossover High Waisted Bootcut with 6 Pockets,Army Green M",1,0,1,0,
C23020220-Dark Blue-S,X0042BYYPL,B0CPPRNGC8,"Women's Fleece Lined Pants Flare Legging Water Resistant Hiking Running Crossover High Waisted Bootcut with 5 Pockets,Dark Blue S",1,0,1,0,
C24020205-Black04,X003XY8I05,B0CGKQHM3F,"Women's Fleece Lined Pants Cargo Flare Legging Yoga Thermal Warm Workout Crossover High Waisted Bootcut with 6 Pockets,Black M",6,1,4,1,
C23020220-Black-S,X003Z14FML,B0CJDHGZQC,"Women's Fleece Lined Pants Flare Legging Water Resistant Hiking Running Crossover High Waisted Bootcut with 5 Pockets,Black S",38,1,37,0,
C24020205-Black06,X003XY8EJZ,B0CGKTVSTX,"Women's Fleece Lined Pants Cargo Flare Legging Yoga Thermal Warm Workout Crossover High Waisted Bootcut with 6 Pockets,Black XL",2,1,1,0,
C23020220-Khaki-S,X003Z1LUL5,B0CJDRF7S9,"Women's Fleece Lined Pants Flare Legging Water Resistant Hiking Running Crossover High Waisted Bootcut with 5 Pockets,Khaki S",44,0,43,1,
C24020205-Khaki-S,X0042D2NBB,B0CPSDW3KS,"Women's Fleece Lined Pants Cargo Flare Legging Yoga Thermal Warm Workout Crossover High Waisted Bootcut with 6 Pockets,Khaki S",3,1,1,1,
C24020205-Dark Gray04,X003XYHPM7,B0CGKW719M,"Women's Fleece Lined Pants Cargo Flare Legging Yoga Thermal Warm Workout Crossover High Waisted Bootcut with 6 Pockets,Dark Gray M",13,0,13,0,
C24020205-Army Green06,X003XYHQJT,B0CGKX9FGG,"Women's Fleece Lined Pants Cargo Flare Legging Yoga Thermal Warm Workout Crossover High Waisted Bootcut with 6 Pockets,Army Green XL",2,0,2,0,
C24020205-Black07,X003XXP6KL,B0CGKV7SX7,"Women's Fleece Lined Pants Cargo Flare Legging Yoga Thermal Warm Workout Crossover High Waisted Bootcut with 6 Pockets,Black 2XL",13,0,13,0,
C23020220-Khaki-L,X003Z1LUSX,B0CJDPQQ6R,"Women's Fleece Lined Pants Flare Legging Water Resistant Hiking Running Crossover High Waisted Bootcut with 5 Pockets,Khaki L",33,0,33,0,
C24020205-Dark Gray03,X003XYD0N5,B0CGKXPVTF,"Women's Fleece Lined Pants Cargo Flare Legging Yoga Thermal Warm Workout Crossover High Waisted Bootcut with 6 Pockets,Dark Gray S",38,1,37,0,
C24020205-Black05,X003XY8GPH,B0CGKTX591,"Women's Fleece Lined Pants Cargo Flare Legging Yoga Thermal Warm Workout Crossover High Waisted Bootcut with 6 Pockets,Black L",3,0,2,1,
C24020205-Dark Gray06,X003XY8E81,B0CGKYTMN8,"Women's Fleece Lined Pants Cargo Flare Legging Yoga Thermal Warm Workout Crossover High Waisted Bootcut with 6 Pockets,Dark Gray XL",1,1,0,0,
C23020220-Black-XL,X003Z1LV9L,B0CJF1LM49,"Women's Fleece Lined Pants Flare Legging Water Resistant Hiking Running Crossover High Waisted Bootcut with 5 Pockets,Black XL",13,0,13,0,
C24020205-Dark Gray07,X003XYD053,B0CGKSQWCM,"Women's Fleece Lined Pants Cargo Flare Legging Yoga Thermal Warm Workout Crossover High Waisted Bootcut with 6 Pockets,Dark Gray 2XL",1,0,1,0,
C24020225-Dark Gray06,X00469DVJT,B0CYLPHHV1,"Casei Jumpsuits for Women Casual Summer Rompers Sleeveless Loose Strap Baggy Overalls Jumpers with Pockets(Dark Gray,XL)",3,0,2,1,
C24020225-Oatmeal06,X0040YCS49,B0CMCP6M1J,"Casei Jumpsuits for Women Casual Summer Rompers Sleeveless Loose Strap Baggy Overalls Yoga Harem Jumpers with Pockets(Oatmeal,XL)",1,0,0,1,
C24020225-Dark Gray04,X00469EIRN,B0CYLLK472,"Casei Jumpsuits for Women Casual Summer Rompers Sleeveless Loose Strap Baggy Overalls Jumpers with Pockets(Dark Gray,M)",3,0,0,3,
C24020225-Wine Red03,X00416QUR7,B0CMWCFK9S,"Casei Jumpsuits for Women Casual Summer Rompers Sleeveless Loose Strap Baggy Overalls Yoga Harem Jumpers with Pockets(Wine Red,S)",1,1,0,0,
C24020225-Dark Gray07,X00469DUQ3,B0CYLNL8QC,"Casei Jumpsuits for Women Casual Summer Rompers Sleeveless Loose Strap Baggy Overalls Jumpers with Pockets(Dark Gray,2XL)",1,1,0,0,
C24020225-Dark Gray03,X00468KT8V,B0CYLPRNSL,"Casei Jumpsuits for Women Casual Summer Rompers Sleeveless Loose Strap Baggy Overalls Jumpers with Pockets(Dark Gray,S)",1,0,1,0,
C24020225-Black03,X0040YCSLH,B0CMCMZZZV,"Casei Jumpsuits for Women Casual Summer Rompers Sleeveless Loose Strap Baggy Overalls Yoga Harem Jumpers with Pockets(Black,S)",40,0,39,1,
C24020225-Blue03,X004692WIF,B0CYLQCWRW,"Casei Jumpsuits for Women Casual Summer Rompers Sleeveless Loose Strap Baggy Overalls Jumpers with Pockets(Blue,S)",1,0,1,0,
C24020225-Gray05,X0040YCSRL,B0CMCNY1JY,"Casei Jumpsuits for Women Casual Summer Rompers Sleeveless Loose Strap Baggy Overalls Yoga Harem Jumpers with Pockets(Gray,L)",1,0,1,0,
C24020233-Dark Blue-S,X0042ZQQO9,B0CQYKCM4M,"Casei Cargo Leggings with Pockets for Women Tummy Control Stretchy Soft Yoga Pants for Hiking Workout Drawstring Legging,Dark Blue(S)",3,0,1,2,
C24020225-Wine Red04,X00416QN5V,B0CMWFH3XN,"Casei Jumpsuits for Women Casual Summer Rompers Sleeveless Loose Strap Baggy Overalls Yoga Harem Jumpers with Pockets(Wine Red,M)",1,0,1,0,
C24020225-Wine Red05,X00416EUER,B0CMWCM584,"Casei Jumpsuits for Women Casual Summer Rompers Sleeveless Loose Strap Baggy Overalls Yoga Harem Jumpers with Pockets(Wine Red,L)",1,0,1,0,
C24020225-Black05,X0040YCSET,B0CMCPY9PL,"Casei Jumpsuits for Women Casual Summer Rompers Sleeveless Loose Strap Baggy Overalls Yoga Harem Jumpers with Pockets(Black,L)",34,0,33,1,
C24020225-Oatmeal05,X0040YCRVD,B0CMCP2WCR,"Casei Jumpsuits for Women Casual Summer Rompers Sleeveless Loose Strap Baggy Overalls Yoga Harem Jumpers with Pockets(Oatmeal,L)",1,0,1,0,
C24020225-Black06,X0040YJFMH,B0CMCMRH3K,"Casei Jumpsuits for Women Casual Summer Rompers Sleeveless Loose Strap Baggy Overalls Yoga Harem Jumpers with Pockets(Black,XL)",2,1,1,0,
C24020225-Green06,X0040YCSMV,B0CMC74R15,"Casei Jumpsuits for Women Casual Summer Rompers Sleeveless Loose Strap Baggy Overalls Yoga Harem Jumpers with Pockets(Green,XL)",3,1,2,0,
C24020225-Gray06,X0040YJHZ7,B0CMCQMQ3L,"Casei Jumpsuits for Women Casual Summer Rompers Sleeveless Loose Strap Baggy Overalls Yoga Harem Jumpers with Pockets(Gray,XL)",1,0,1,0,
C24020225-Brown05,X0040Y9CCP,B0CMCP8TGB,"Casei Jumpsuits for Women Casual Summer Rompers Sleeveless Loose Strap Baggy Overalls Yoga Harem Jumpers with Pockets(Brown,L)",3,1,1,1,
C24020225-Black04,X0040YCSCB,B0CMCPKP1W,"Casei Jumpsuits for Women Casual Summer Rompers Sleeveless Loose Strap Baggy Overalls Yoga Harem Jumpers with Pockets(Black,M)",5,2,3,0,
C24020225-Dark Gray05,X00469M23F,B0CYLMYKH5,"Casei Jumpsuits for Women Casual Summer Rompers Sleeveless Loose Strap Baggy Overalls Jumpers with Pockets(Dark Gray,L)",2,0,2,0,
C24020225-Brown03,X0040Y9CL1,B0CMCP8P6D,"Casei Jumpsuits for Women Casual Summer Rompers Sleeveless Loose Strap Baggy Overalls Yoga Harem Jumpers with Pockets(Brown,S)",18,0,17,1,
C24020225-Deep Green03,X00469M857,B0CYLLHMPH,"Casei Jumpsuits for Women Casual Summer Rompers Sleeveless Loose Strap Baggy Overalls Jumpers with Pockets(Deep Green,S)",1,0,1,0,
C24020225-Gray07,X0040YCR2H,B0CMCQ2LLC,"Casei Jumpsuits for Women Casual Summer Rompers Sleeveless Loose Strap Baggy Overalls Yoga Harem Jumpers with Pockets(Gray,2XL)",1,0,0,1,
C24020225-Brown06,X0040Y9C75,B0CMCM5N8R,"Casei Jumpsuits for Women Casual Summer Rompers Sleeveless Loose Strap Baggy Overalls Yoga Harem Jumpers with Pockets(Brown,XL)",1,0,0,1,
C24020225-Green05,X0040YJFNB,B0CMCPQJZQ,"Casei Jumpsuits for Women Casual Summer Rompers Sleeveless Loose Strap Baggy Overalls Yoga Harem Jumpers with Pockets(Green,L)",1,0,0,1,
C24020233-Dark Gray-2XL,X0049A7W1D,B0D5CZ6P2K,"Casei Cargo Leggings with Pockets for Women Tummy Control Stretchy Soft Yoga Pants for Hiking Workout Drawstring Legging,Dark Gray(2XL)",1,1,0,0,
C24020225-Black07,X0040YCSDZ,B0CMCNZW96,"Casei Jumpsuits for Women Casual Summer Rompers Sleeveless Loose Strap Baggy Overalls Yoga Harem Jumpers with Pockets(Black,2XL)",1,0,1,0,
CASEI21M68BK0107,X002X71B2P,B096RWQFKM,"Casei Men's Polo Shirts Short Sleeve T Shirts Quick Dry Performance Tactical Shirts Moisture Wicking Golf Shirt?Black,2XL?",15,0,15,0,
CASEI21W68-Dark Purple03,X0041RG0KX,B0CNVF24J7,"Women's Polo Golf Shirts UPF 50+ Sun Protection Casual Collared Work Dry Fit Short Sleeve Tennis Athletic Shirt (Dark Purple,S)",46,0,45,1,
CASEI21W68-Dark Purple08,X0041RORQH,B0CNVCGWYJ,"Casei Womens Polo Shirts Short Sleeve T Shirts Dry Fast Golf Shirts Hiking Shirt Women Apricot Pique Polo Shirt Running Polo Workout Shirts (Dark Purple,3XL)",15,2,13,0,
CASEI21W68-Dark Green05,X004GZKUWJ,B0DNJBS1SR,"Polo Shirts for Women Golf Athletic Workout Shirts Hiking UPF50+ Sun Protective Casual Tennis Quick Dry T Shirts (Dark Green,L)",1,1,0,0,
CASEI21W68WE0103,X002X775ZH,B096RX2JXB,"Casei Womens Golf Polo Shirts Short Sleeve Shirts Quick Dry Collared Shirt?White,S",35,0,33,2,
CASEI21W68BE2208,X00322TZ4B,B09K7BS8HH,"Casei Womens Golf Polo Shirts Short Sleeve Shirts Quick Dry Collared Shirt(Navy Blue,3XL)",1,0,1,0,
CASEI21W68-Dark Purple05,X0041RFZIV,B0CNVCYQSP,"Women's UPF 50+ Sun Protection Quick-Dry Polo Shirt - Moisture-Wicking Activewear with Two-Button Design for Outdoor & Yoga (Dark Purple,L)",38,0,37,1,
CASEI21W68-Dark Purple04,X0041RLCVZ,B0CNVDF557,"Casei Womens Golf Polo Shirts Short Sleeve Clearance Performance UPF 50+ Collared T-Shirts Golf for Women Quick Dry Shirts Summer Work Shirts (Dark Purple,M)",38,0,38,0,
CASEI21W68WE0107,X002X75W1V,B096RZL4MJ,"Casei Womens Golf Polo Shirts Short Sleeve Shirts Quick Dry Collared Shirt?White,2XL",3,0,2,1,
CASEI21W68BK0104,X002X78LD7,B096RXQJF8,"Casei Womens Golf Polo Shirts Short Sleeve Shirts Quick Dry Collared Shirt?Black,M",131,0,130,1,
CASEI21W68BK0105,X002X77629,B096RY9SH7,"Casei Womens Golf Polo Shirts Short Sleeve Shirts Quick Dry Collared Shirt?Black,L",103,0,102,1,
CASEI21W68BK0108,X002X78LI7,B096RYMX9Y,"Casei Womens Golf Polo Shirts Short Sleeve Shirts Quick Dry Collared Shirt?Black,3XL",2,0,1,1,
CASEI21W68BK0103,X002X78LDR,B096RY1QHZ,"Casei Womens Golf Polo Shirts Short Sleeve Shirts Quick Dry Collared Shirt?Black,S",37,2,35,0,
CASEI21W68GY0707,X003RXBTOT,B0C1B545P2,"Stay Cool and Stylish: Women's Golf Polo Shirts with Short Sleeves, Quick-Dry Fabric, and 2-Button Design (Dark Gray,2XL)",2,0,2,0,
CASEI21W68BE2204,X00322TZ2D,B09K7C5R19,"Casei Womens Golf Polo Shirts Short Sleeve Shirts Quick Dry Collared Shirt(Navy Blue,M)",4,0,1,3,
CASEI21W68RD0106,X0031UBCIL,B09JNND3G5,"Casei Womens Golf Polo Shirts Short Sleeve Shirts Quick Dry Collared Shirt?Red,XL",1,1,0,0,
CASEI21W68PK0503,X003ERVVPP,B0BGK4Z6VW,"Women's UPF 50+ Golf Polo Shirt - Quick-Dry, Moisture-Wicking with Two-Button Design for Sun Protection & Swing Comfort (Light Pink,S)",2,0,1,1,
CASEI21W68WE0104,X002X75W0H,B096RXCQNX,"Casei Womens Golf Polo Shirts Short Sleeve Shirts Quick Dry Collared Shirt?White,M",23,0,22,1,
CASEI21W68-Dark Purple06,X0041RFZHR,B0CNVDL2MJ,"Golf Polo Shirts for Women Short Sleeve Golf Shirts T-Shirts Solid Active Shirt Summer T Shirts UPF 50+ Collared Women Dry Fast Work Shirts (Dark Purple,XL)",35,0,35,0,
CASEI21W68BE2203,X003232LKF,B09K7C57Q2,"Casei Womens Golf Polo Shirts Short Sleeve Shirts Quick Dry Collared Shirt(Navy Blue,S)",11,0,11,0,
CASEI21W68-Rose Red05,X004GZF33P,B0DNJDS29D,"Polo Shirts for Women Golf Athletic Workout Shirts Collared Work UPF50+ Sun Protective Casual Tennis Quick Dry Fit T Shirts (Rose Red,L)",1,0,1,0,
CASEI21W68WE0106,X002X7762T,B096RXY1VT,"Casei Womens Golf Polo Shirts Short Sleeve Shirts Quick Dry Collared Shirt?White,XL",16,0,15,1,
CASEI21W68GY0705,X003RXBVPV,B0C1B41468,"Women's Golf Tops with Dri-Fit Technology Women's Moisture-Wicking Polo Shirts for Golf (Dark Gray,L)",3,1,2,0,
CASEI21W68GY0704,X003RXBTPX,B0C1B55C42,"Casei Women's Lightweight Moisture-Wicking Golf Polo Shirt - The Perfect Blend of Comfort and Functionality(Dark Gray,M)",8,0,8,0,
CASEI21W68RD0103,X0031UCGZ9,B09JNNGVTM,"Casei Womens Golf Polo Shirts Short Sleeve Shirts Quick Dry Collared Shirt?Red,S",3,0,3,0,
CASEI21W68PK0504,X003ES0ORP,B0BGK56NJQ,"Casei Quick-Dry Women's Golf Polo UPF 50+ - Anti-Odor Stretch Fabric for Golf, Tennis & Summer Athletic Wear(Light Pink,M)",1,1,0,0,
CASEI21W68WE0108,X002X75VZX,B096RYPQMM,"Casei Womens Golf Polo Shirts Short Sleeve Shirts Quick Dry Collared Shirt?White,3XL",24,0,24,0,
CASEI21W68WE0105,X002X775YX,B096RZ47H5,"Casei Womens Golf Polo Shirts Short Sleeve Shirts Quick Dry Collared Shirt?White,L",61,1,58,2,
CASEI21W68PK0508,X003ES3G9D,B0BGK3T51S,"Polo Shirts for Women T Shirts Sun Shirts Casual Work T-Shirts Golf Shirts Polo Shirt Pique Jersey Athletic Running Shirts Golf Polos (Light Pink,3XL)",21,0,21,0,
CASEI21W68BK0107,X002X78LJ1,B096RZB1VJ,"Casei Womens Golf Polo Shirts Short Sleeve Shirts Quick Dry Collared Shirt?Black,2XL",17,0,17,0,
CASEI21W68RD0105,X0031UJMO7,B09JNMVVMJ,"Casei Womens Golf Polo Shirts Short Sleeve Shirts Quick Dry Collared Shirt?Red,L",1,1,0,0,
CASEI21W68BK0106,X002X779MB,B096RVSW84,"Casei Womens Golf Polo Shirts Short Sleeve Shirts Quick Dry Collared Shirt?Black,XL",46,0,45,1,
amzn.gr.122502275-Burgundy-3XL-YQ-9ki-LN,X004VIFT1D,B0DYCZP9TP,Casei Womens Plus Size Golf Polo Shirts Short Sleeve Tunic Tops V Neck Collared Casual Workout Work Polo Burgundy 3XL,1,0,1,0,
amzn.gr.C22230114BK0103-keIaxfGxWVYdL-LN,X004T5Y239,B0BKK6H1F4,"Cargo Pants Women Baggy Hiking Casual Cotton Military Tactical Army Combat Work Pants with 7 Pockets,Black S",1,1,0,0,
amzn.gr.124040250-Dark_Blue-L-5z8XwZk-LN,X004UZV5H9,B0D62PP9VJ,"Casei Yoga Pants with Pockets for Women Wide Leg Cargo Pants High Waist Crossover Stretch Work Travel Casual Sweatpants,Dark Blue(L)",1,1,0,0,
amzn.gr.122502273-Black-L-_fe838qpPfm-LN,X004VEWUS7,B0DNYL9LQ5,"Casei Wide Leg Yoga Pants for Women High Waist Adjustable Hem Loose Dance Casual Pant with Pockets,Black L",1,0,1,0,
amzn.gr.124030242-Wine_Red-XL-agsIzje-LN,X004T0RHRR,B0D46SNP1Q,"Flare Leggings for Women Yoga Crossover High Waist Pants with Tummy Control Workout Cargo with 5 Pockets Bootcut Leggings,Wine Red(XL)",1,0,1,0,
amzn.gr.124040250-Black-28-L-iKuR3N3I-LN,X004VB49PH,B0FL1N996B,"Casei Yoga Pants with Pockets for Women Petite Wide Leg Travel Cargo Chef Pants High Waist Crossover Stretch Work Casual,28"" Inseam Black(L)",1,1,0,0,
,,,,,,,,
,,,,,,,,
,,,,,,,,
,,,,,,,,
